"Time (s)","Acceleration x (m/s^2)","Acceleration y (m/s^2)","Acceleration z (m/s^2)","Absolute acceleration (m/s^2)"
-1.350124992E-3,1.239422607E-1,1.806742859E-1,9.790690155E0,9.793141406E0
8.692875010E-3,3.532653809E-2,-5.059478760E-2,9.805209961E0,9.805404131E0
1.873587501E-2,1.095721436E-1,1.462458801E-1,9.814191284E0,9.815892444E0
2.877787501E-2,1.071771240E-1,4.340972900E-3,9.853559418E0,9.854143239E0
3.882087501E-2,7.304809570E-2,9.400451660E-2,9.767488403E0,9.768213889E0
4.886387501E-2,9.684860229E-2,5.688171387E-2,9.805209961E0,9.805853230E0
5.890587500E-2,1.044827271E-1,7.394622803E-2,9.833052063E0,9.833885171E0
6.894887501E-2,7.244934082E-2,7.439529419E-2,9.786199493E0,9.786750436E0
7.899187501E-2,9.071136475E-2,6.676116943E-2,9.825717316E0,9.826362825E0
8.903387500E-2,8.816665649E-2,6.691085815E-2,9.822723541E0,9.823347097E0
9.907687501E-2,6.900650024E-2,7.439529419E-2,9.815688171E0,9.816212652E0
1.091198750E-1,8.846603394E-2,8.277786255E-2,9.822873230E0,9.823620356E0
1.191618750E-1,7.753875732E-2,7.244934082E-2,9.822124786E0,9.822698025E0
1.292048750E-1,8.322692871E-2,7.170089722E-2,9.808503113E0,9.809118261E0
1.392478750E-1,9.490264893E-2,7.484436035E-2,9.823322296E0,9.824065814E0
1.492898750E-1,7.783813477E-2,8.756790161E-2,9.830806732E0,9.831504865E0
1.593328750E-1,8.262817383E-2,7.379653931E-2,9.811945953E0,9.812571362E0
1.693758750E-1,8.981323242E-2,6.676116943E-2,9.815388794E0,9.816026724E0
1.794178750E-1,9.759704590E-2,7.484436035E-2,9.831854553E0,9.832623801E0
1.894608750E-1,8.801696777E-2,7.125183105E-2,9.813592529E0,9.814245877E0
1.995038750E-1,8.562194824E-2,8.217910767E-2,9.823022919E0,9.823739806E0
2.095458750E-1,9.834548950E-2,6.646179199E-2,9.810898132E0,9.811616134E0
2.195888750E-1,9.385482788E-2,8.846603394E-2,9.814041595E0,9.814889067E0
2.296318750E-1,8.068222046E-2,6.032455444E-2,9.811047821E0,9.811565014E0
2.396738750E-1,8.696914673E-2,7.574249268E-2,9.798923035E0,9.799601686E0
2.497168750E-1,9.280700684E-2,6.256988525E-2,9.813143463E0,9.813781777E0
2.597598750E-1,5.897735596E-2,6.601272583E-2,9.818382568E0,9.818781608E0
2.698018750E-1,8.562194824E-2,5.867797852E-2,9.804760895E0,9.805310318E0
2.798448750E-1,1.357676697E-1,7.888595581E-2,9.890981598E0,9.892227900E0
2.898878750E-1,8.337661743E-2,5.134323120E-2,9.774224396E0,9.774714846E0
2.999298750E-1,9.071136475E-2,8.277786255E-2,9.806856537E0,9.807625394E0
3.099728750E-1,1.118174744E-1,6.541397095E-2,9.840237122E0,9.841089815E0
3.200158750E-1,8.981323242E-2,6.780899048E-2,9.810748444E0,9.811393861E0
3.300578750E-1,1.005908203E-1,8.801696777E-2,9.805209961E0,9.806120939E0
3.401008750E-1,1.076261902E-1,5.733078003E-2,9.843679962E0,9.844435251E0
3.501438750E-1,8.816665649E-2,7.304809570E-2,9.798623657E0,9.799292574E0
3.601858750E-1,9.939331055E-2,7.424560547E-2,9.822274475E0,9.823057941E0
3.702288750E-1,9.804611206E-2,7.005432129E-2,9.828411713E0,9.829150393E0
3.802718750E-1,8.008346558E-2,6.376739502E-2,9.818232880E0,9.818766548E0
3.903138750E-1,1.008901978E-1,6.526428223E-2,9.814490662E0,9.815226192E0
4.003568750E-1,1.011895752E-1,7.200027466E-2,9.814939728E0,9.815725405E0
4.103998750E-1,8.532257080E-2,7.050338745E-2,9.804311829E0,9.804936568E0
4.204418750E-1,1.076261902E-1,6.855743408E-2,9.821975098E0,9.822803996E0
4.304848750E-1,1.089733887E-1,6.032455444E-2,9.817035370E0,9.817825508E0
4.405278750E-1,8.232879639E-2,7.679031372E-2,9.811646576E0,9.812292460E0
4.505698750E-1,9.729766846E-2,7.529342651E-2,9.837542725E0,9.838311989E0
4.606128750E-1,9.909393311E-2,6.286926270E-2,9.833201752E0,9.833902015E0
4.706558750E-1,8.532257080E-2,6.616241455E-2,9.812844086E0,9.813438055E0
4.806978750E-1,1.106199646E-1,7.978408813E-2,9.817783813E0,9.818731144E0
4.907409167E-1,1.028361511E-1,6.212081909E-2,9.820478210E0,9.821213090E0
5.007839167E-1,9.250762939E-2,7.080276489E-2,9.822723541E0,9.823414298E0
5.108259167E-1,9.774673462E-2,6.511459351E-2,9.815239105E0,9.815941780E0
5.208689167E-1,1.115180969E-1,8.232879639E-2,9.817933502E0,9.818911985E0
5.309119167E-1,1.145118713E-1,7.963439941E-2,9.814640350E0,9.815631402E0
5.409549167E-1,1.037342834E-1,6.990463257E-2,9.818232880E0,9.819029705E0
5.509969167E-1,9.445358276E-2,7.020401001E-2,9.825717316E0,9.826422078E0
5.610399167E-1,8.472381592E-2,7.259902954E-2,9.810149689E0,9.810784151E0
5.710829167E-1,8.068222046E-2,6.840774536E-2,9.803114319E0,9.803685000E0
5.811249167E-1,8.517288208E-2,7.828720093E-2,9.834099884E0,9.834780315E0
5.911679167E-1,9.864486694E-2,7.349716187E-2,9.802814941E0,9.803586763E0
6.012109167E-1,1.115180969E-1,6.466552734E-2,9.809850311E0,9.810697276E0
6.112529167E-1,1.028361511E-1,7.364685059E-2,9.825268250E0,9.826082399E0
6.212959167E-1,1.005908203E-1,8.217910767E-2,9.811047821E0,9.811907626E0
6.313389167E-1,8.966354370E-2,6.721023560E-2,9.804611206E0,9.805251535E0
6.413809167E-1,1.097218323E-1,7.469467163E-2,9.805060272E0,9.805958654E0
6.514239167E-1,9.759704590E-2,5.882766724E-2,9.820478210E0,9.821139351E0
6.614669167E-1,9.804611206E-2,7.065307617E-2,9.815987549E0,9.816731455E0
6.715089167E-1,1.059796143E-1,7.394622803E-2,9.815239105E0,9.816089772E0
6.815519167E-1,8.891510010E-2,7.095245361E-2,9.808802490E0,9.809462087E0
6.915949167E-1,1.022373962E-1,7.409591675E-2,9.823022919E0,9.823834381E0
7.016369167E-1,9.041198730E-2,6.541397095E-2,9.819131012E0,9.819765127E0
7.116799167E-1,9.400451660E-2,5.718109131E-2,9.813891907E0,9.814508693E0
7.217229167E-1,1.094224548E-1,6.017486572E-2,9.814340973E0,9.815135405E0
7.317649167E-1,1.065783691E-1,6.002517700E-2,9.810449066E0,9.811211589E0
7.418079167E-1,9.385482788E-2,7.065307617E-2,9.813293152E0,9.813996284E0
7.518509167E-1,9.385482788E-2,6.750961304E-2,9.829908600E0,9.830588454E0
7.618929167E-1,1.065783691E-1,6.750961304E-2,9.824220428E0,9.825030459E0
7.719359167E-1,1.134640503E-1,6.301895142E-2,9.816286926E0,9.817144926E0
7.819789167E-1,1.083746338E-1,6.571334839E-2,9.824669495E0,9.825486959E0
7.920209167E-1,1.011895752E-1,7.274871826E-2,9.813143463E0,9.813934804E0
8.020639167E-1,9.789642334E-2,6.301895142E-2,9.807455292E0,9.808146328E0
8.121069167E-1,9.370513916E-2,5.478607178E-2,9.809700623E0,9.810301141E0
8.221489167E-1,8.891510010E-2,7.469467163E-2,9.804311829E0,9.804999522E0
8.321919167E-1,9.131011963E-2,6.840774536E-2,9.811796265E0,9.812459584E0
8.422349167E-1,8.711883545E-2,7.319778442E-2,9.816735992E0,9.817395436E0
8.522769167E-1,8.023315430E-2,7.155120850E-2,9.817185059E0,9.817773648E0
8.623199167E-1,8.906478882E-2,6.436614990E-2,9.807754669E0,9.808370262E0
8.723629167E-1,8.143066406E-2,7.439529419E-2,9.831555176E0,9.832173859E0
8.824049167E-1,1.022373962E-1,6.960525513E-2,9.805509338E0,9.806289347E0
8.924479167E-1,7.649093628E-2,5.957611084E-2,9.803563385E0,9.804042800E0
9.024909167E-1,9.280700684E-2,6.661148071E-2,9.821526031E0,9.822190378E0
9.125329167E-1,1.032852173E-1,7.484436035E-2,9.810000000E0,9.810829196E0
9.225759167E-1,9.160949707E-2,7.738906860E-2,9.817783813E0,9.818516200E0
9.326189167E-1,8.038284302E-2,7.619155884E-2,9.802066498E0,9.802692191E0
9.426619167E-1,8.158035278E-2,6.301895142E-2,9.830657043E0,9.831197519E0
9.527039167E-1,9.400451660E-2,4.864883423E-2,9.809700623E0,9.810271651E0
9.627469167E-1,9.580078125E-2,6.421646118E-2,9.820478210E0,9.821155422E0
9.727899167E-1,7.679031372E-2,7.005432129E-2,9.821226654E0,9.821776690E0
9.828319167E-1,8.921447754E-2,7.140151978E-2,9.821226654E0,9.821891386E0
9.928749167E-1,1.004411316E-1,7.289840698E-2,9.823022919E0,9.823806892E0
1.002917917E0,8.457412720E-2,5.763015747E-2,9.823022919E0,9.823556040E0
1.012959917E0,7.918533325E-2,6.795867920E-2,9.811945953E0,9.812500807E0
1.023002917E0,7.694000244E-2,7.738906860E-2,9.828262024E0,9.828867852E0
1.033045917E0,9.415420532E-2,8.173004150E-2,9.823771362E0,9.824562514E0
1.043087917E0,9.669891357E-2,7.095245361E-2,9.816436615E0,9.817169284E0
1.053130917E0,8.652008057E-2,5.688171387E-2,9.820178833E0,9.820724697E0
1.063173917E0,1.025367737E-1,6.960525513E-2,9.830806732E0,9.831587852E0
1.073215917E0,9.235794067E-2,6.242019653E-2,9.807904358E0,9.808537820E0
1.083258917E0,9.175918579E-2,6.915618896E-2,9.816735992E0,9.817408409E0
1.093301917E0,1.040336609E-1,6.271957397E-2,9.820029144E0,9.820780475E0
1.103343917E0,1.028361511E-1,6.825805664E-2,9.819131012E0,9.819906734E0
1.113386917E0,9.610015869E-2,6.915618896E-2,9.819879456E0,9.820593177E0
1.123429917E0,8.292755127E-2,6.481521606E-2,9.811796265E0,9.812360773E0
1.133471917E0,1.152603149E-1,5.553451538E-2,9.816735992E0,9.817569687E0
1.143514917E0,1.184037781E-1,8.068222046E-2,9.811796265E0,9.812842351E0
1.153557917E0,8.652008057E-2,6.915618896E-2,9.813891907E0,9.814516935E0
1.163599917E0,9.205856323E-2,5.837860107E-2,9.818681946E0,9.819287041E0
1.173642917E0,9.984237671E-2,6.825805664E-2,9.799521790E0,9.800268107E0
1.183685917E0,9.475296021E-2,7.858657837E-2,9.818083191E0,9.818854898E0
1.193727917E0,9.624984741E-2,7.708969116E-2,9.814490662E0,9.815265345E0
1.203770917E0,1.031355286E-1,7.155120850E-2,9.807754669E0,9.808557904E0
1.213813917E0,8.831634521E-2,7.274871826E-2,9.798623657E0,9.799291695E0
1.223855917E0,8.681945801E-2,7.753875732E-2,9.814640350E0,9.815330615E0
1.233898917E0,9.385482788E-2,6.735992432E-2,9.818981323E0,9.819660906E0
1.243941917E0,8.068222046E-2,6.885681152E-2,9.812844086E0,9.813417342E0
1.253983917E0,9.909393311E-2,5.239105225E-2,9.817185059E0,9.817824958E0
1.264026917E0,8.711883545E-2,7.634124756E-2,9.811646576E0,9.812330315E0
1.274069917E0,1.071771240E-1,7.379653931E-2,9.811646576E0,9.812509434E0
1.284111917E0,9.205856323E-2,6.721023560E-2,9.817783813E0,9.818445447E0
1.294154917E0,8.442443848E-2,8.382568359E-2,9.814340973E0,9.815062046E0
1.304197917E0,8.128097534E-2,7.065307617E-2,9.816735992E0,9.817326724E0
1.314240917E0,8.652008057E-2,7.753875732E-2,9.817783813E0,9.818471215E0
1.324282917E0,9.610015869E-2,6.735992432E-2,9.820777588E0,9.821478760E0
1.334325917E0,9.954299927E-2,6.346801758E-2,9.814939728E0,9.815649691E0
1.344368917E0,1.061293030E-1,6.975494385E-2,9.815538483E0,9.816360063E0
1.354410917E0,9.669891357E-2,7.394622803E-2,9.811796265E0,9.812551384E0
1.364453917E0,8.741821289E-2,7.065307617E-2,9.796078949E0,9.796723767E0
1.374496917E0,9.265731812E-2,6.047424316E-2,9.809251556E0,9.809875565E0
1.384538917E0,8.577163696E-2,6.526428223E-2,9.814191284E0,9.814783073E0
1.394581917E0,9.699829102E-2,6.466552734E-2,9.828112335E0,9.828803710E0
1.404624917E0,1.041833496E-1,5.912704468E-2,9.818981323E0,9.819712033E0
1.414666917E0,9.116043091E-2,7.484436035E-2,9.815688171E0,9.816396802E0
1.424709917E0,8.906478882E-2,7.155120850E-2,9.810748444E0,9.811413616E0
1.434752917E0,8.128097534E-2,7.439529419E-2,9.811047821E0,9.811666556E0
1.444794917E0,1.040336609E-1,8.397537231E-2,9.824220428E0,9.825130121E0
1.454837917E0,1.005908203E-1,6.556365967E-2,9.827663269E0,9.828396738E0
1.464880917E0,9.864486694E-2,6.930587769E-2,9.821376343E0,9.822116237E0
1.474922917E0,9.116043091E-2,7.289840698E-2,9.795629883E0,9.796325291E0
1.484966000E0,8.861572266E-2,6.271957397E-2,9.817634125E0,9.818234378E0
1.495009000E0,9.550140381E-2,5.448669434E-2,9.791438599E0,9.792055920E0
1.505051000E0,9.460327148E-2,6.661148071E-2,9.798174591E0,9.798857698E0
1.515094000E0,8.397537231E-2,6.571334839E-2,9.809251556E0,9.809831100E0
1.525137000E0,8.846603394E-2,6.990463257E-2,9.827513580E0,9.828160360E0
1.535179000E0,9.235794067E-2,7.259902954E-2,9.827064514E0,9.827766663E0
1.545222000E0,8.143066406E-2,6.526428223E-2,9.817634125E0,9.818188743E0
1.555265000E0,1.011895752E-1,6.556365967E-2,9.826465759E0,9.827205465E0
1.565307000E0,1.145118713E-1,6.870712280E-2,9.826016693E0,9.826924122E0
1.575350000E0,7.768844604E-2,5.942642212E-2,9.819580078E0,9.820067205E0
1.585393000E0,7.783813477E-2,6.780899048E-2,9.810449066E0,9.810992188E0
1.595436000E0,1.079255676E-1,6.167175293E-2,9.816885681E0,9.817672627E0
1.605478000E0,9.250762939E-2,7.574249268E-2,9.827513580E0,9.828240827E0
1.615521000E0,1.014889526E-1,7.214996338E-2,9.822274475E0,9.823063753E0
1.625564000E0,9.535171509E-2,8.397537231E-2,9.809101868E0,9.809924733E0
1.635606000E0,7.319778442E-2,6.915618896E-2,9.812095642E0,9.812612363E0
1.645649000E0,9.400451660E-2,7.185058594E-2,9.820178833E0,9.820891592E0
1.655692000E0,9.430389404E-2,5.463638306E-2,9.823172607E0,9.823777198E0
1.665734000E0,8.427474976E-2,6.077362061E-2,9.821526031E0,9.822075608E0
1.675777000E0,9.924362183E-2,7.170089722E-2,9.816735992E0,9.817499471E0
1.685820000E0,8.936416626E-2,7.948471069E-2,9.820029144E0,9.820757413E0
1.695862000E0,9.789642334E-2,6.780899048E-2,9.818831635E0,9.819553780E0
1.705905000E0,8.891510010E-2,6.421646118E-2,9.822124786E0,9.822737142E0
1.715948000E0,8.741821289E-2,7.858657837E-2,9.815239105E0,9.815942975E0
1.725990000E0,8.322692871E-2,7.649093628E-2,9.826765137E0,9.827415257E0
1.736033000E0,9.205856323E-2,7.080276489E-2,9.817035370E0,9.817722305E0
1.746076000E0,1.067280579E-1,7.514373779E-2,9.821226654E0,9.822093995E0
1.756118000E0,1.028361511E-1,6.900650024E-2,9.830357666E0,9.831137727E0
1.766161000E0,8.083190918E-2,5.867797852E-2,9.825567627E0,9.826075315E0
1.776204000E0,1.113684082E-1,7.274871826E-2,9.811197510E0,9.812099259E0
1.786246000E0,9.699829102E-2,6.706054688E-2,9.825717316E0,9.826424912E0
1.796289000E0,9.205856323E-2,6.616241455E-2,9.819280701E0,9.819935118E0
1.806332000E0,7.993377686E-2,6.256988525E-2,9.804611206E0,9.805136679E0
1.816374000E0,1.059796143E-1,4.924758911E-2,9.807904358E0,9.808600558E0
1.826417000E0,9.250762939E-2,6.032455444E-2,9.817334747E0,9.817955910E0
1.836460000E0,1.008901978E-1,6.526428223E-2,9.801318054E0,9.802054573E0
1.846502000E0,9.235794067E-2,6.945556641E-2,9.808952179E0,9.809632863E0
1.856545000E0,9.819580078E-2,6.451583862E-2,9.823172607E0,9.823875243E0
1.866588000E0,1.007405090E-1,5.733078003E-2,9.799821167E0,9.800506639E0
1.876630000E0,8.637039185E-2,6.346801758E-2,9.805958405E0,9.806544155E0
1.886673000E0,8.068222046E-2,6.975494385E-2,9.810149689E0,9.810729447E0
1.896716000E0,1.001417542E-1,6.421646118E-2,9.825268250E0,9.825988413E0
1.906759000E0,9.056167603E-2,6.526428223E-2,9.834698639E0,9.835332133E0
1.916801000E0,8.861572266E-2,7.050338745E-2,9.824070740E0,9.824723374E0
1.926844000E0,1.049317932E-1,6.436614990E-2,9.809550934E0,9.810323298E0
1.936887000E0,8.801696777E-2,6.481521606E-2,9.814041595E0,9.814650296E0
1.946929000E0,9.131011963E-2,6.840774536E-2,9.813293152E0,9.813956370E0
1.956972000E0,1.019380188E-1,7.664062500E-2,9.821675720E0,9.822503708E0
1.967015000E0,9.340576172E-2,4.864883423E-2,9.810598755E0,9.811164012E0
1.977057000E0,1.124162292E-1,7.349716187E-2,9.811646576E0,9.812565810E0
1.987100000E0,8.801696777E-2,7.289840698E-2,9.817634125E0,9.818299291E0
1.997143000E0,9.175918579E-2,6.631210327E-2,9.806108093E0,9.806761595E0
2.007185000E0,1.118174744E-1,7.334747314E-2,9.802216187E0,9.803128336E0
2.017228000E0,9.610015869E-2,7.484436035E-2,9.827513580E0,9.828268418E0
2.027271000E0,8.936416626E-2,6.002517700E-2,9.825567627E0,9.826157345E0
2.037313000E0,1.074765015E-1,5.239105225E-2,9.827962646E0,9.828689933E0
2.047356000E0,8.696914673E-2,6.586303711E-2,9.821376343E0,9.821982226E0
2.057399000E0,8.083190918E-2,6.032455444E-2,9.814640350E0,9.815158585E0
2.067441000E0,9.340576172E-2,6.855743408E-2,9.813592529E0,9.814276493E0
2.077484000E0,1.112187195E-1,7.364685059E-2,9.795779572E0,9.796687750E0
2.087527000E0,1.028361511E-1,6.391708374E-2,9.812245331E0,9.812992362E0
2.097569000E0,8.906478882E-2,6.406677246E-2,9.805958405E0,9.806572149E0
2.107612000E0,9.520202637E-2,6.481521606E-2,9.820478210E0,9.821153533E0
2.117655000E0,9.834548950E-2,7.334747314E-2,9.813293152E0,9.814060025E0
2.127697000E0,7.679031372E-2,6.451583862E-2,9.816735992E0,9.817248321E0
2.137740000E0,9.535171509E-2,7.110214233E-2,9.828262024E0,9.828981731E0
2.147783000E0,9.924362183E-2,6.436614990E-2,9.824070740E0,9.824782858E0
2.157826000E0,9.894424438E-2,6.616241455E-2,9.824968872E0,9.825689837E0
2.167868000E0,8.247848511E-2,5.763015747E-2,9.812993774E0,9.813509604E0
2.177911000E0,8.053253174E-2,5.628295898E-2,9.820478210E0,9.820969684E0
2.187954000E0,7.723937988E-2,7.574249268E-2,9.811347198E0,9.811943574E0
2.197996000E0,8.801696777E-2,8.202941895E-2,9.824669495E0,9.825406174E0
2.208039000E0,8.143066406E-2,6.990463257E-2,9.822573853E0,9.823160118E0
2.218082000E0,7.738906860E-2,6.122268677E-2,9.799372101E0,9.799868920E0
2.228124000E0,8.711883545E-2,7.244934082E-2,9.811347198E0,9.812001450E0
2.238167000E0,8.771759033E-2,8.023315430E-2,9.814490662E0,9.815210578E0
2.248210000E0,1.023870850E-1,7.095245361E-2,9.819879456E0,9.820669523E0
2.258252000E0,9.714797974E-2,7.439529419E-2,9.812245331E0,9.813008245E0
2.268295000E0,9.056167603E-2,5.209167480E-2,9.830357666E0,9.830912816E0
2.278338000E0,9.714797974E-2,8.322692871E-2,9.828262024E0,9.829094509E0
2.288380000E0,1.082249451E-1,6.765930176E-2,9.813293152E0,9.814123135E0
2.298423000E0,8.981323242E-2,5.613327026E-2,9.816586304E0,9.817157634E0
2.308466000E0,7.424560547E-2,8.083190918E-2,9.815388794E0,9.816002414E0
2.318508000E0,1.055305481E-1,6.526428223E-2,9.815388794E0,9.816173048E0
2.328551000E0,9.624984741E-2,7.993377686E-2,9.821226654E0,9.822023541E0
2.338594000E0,8.277786255E-2,7.200027466E-2,9.808802490E0,9.809416013E0
2.348636000E0,8.981323242E-2,6.661148071E-2,9.819430389E0,9.820067040E0
2.358679000E0,1.052311707E-1,6.810836792E-2,9.809401245E0,9.810202095E0
2.368722000E0,8.726852417E-2,6.316864014E-2,9.820029144E0,9.820620065E0
2.378764000E0,9.415420532E-2,7.214996338E-2,9.817185059E0,9.817901665E0
2.388807000E0,1.008901978E-1,5.807922363E-2,9.803264008E0,9.803955183E0
2.398850000E0,8.876541138E-2,6.451583862E-2,9.805060272E0,9.805674303E0
2.408892000E0,8.696914673E-2,7.619155884E-2,9.808054047E0,9.808735544E0
2.418935000E0,1.094224548E-1,7.574249268E-2,9.818232880E0,9.819134742E0
2.428978000E0,9.654922485E-2,7.783813477E-2,9.826316071E0,9.827098659E0
2.439021000E0,9.684860229E-2,6.765930176E-2,9.817783813E0,9.818494612E0
2.449063000E0,9.595046997E-2,7.544311523E-2,9.819430389E0,9.820188966E0
2.459106000E0,9.565109253E-2,5.059478760E-2,9.807155914E0,9.807752856E0
2.469149000E0,9.624984741E-2,6.406677246E-2,9.809700623E0,9.810381995E0
2.479191000E0,8.367599487E-2,6.795867920E-2,9.819879456E0,9.820471097E0
2.489234250E0,9.624984741E-2,7.768844604E-2,9.837991791E0,9.838769334E0
2.499277250E0,9.355545044E-2,6.735992432E-2,9.820178833E0,9.820855477E0
2.509319250E0,9.939331055E-2,7.484436035E-2,9.818681946E0,9.819470243E0
2.519362250E0,8.951385498E-2,6.421646118E-2,9.809251556E0,9.809870161E0
2.529405250E0,8.831634521E-2,6.301895142E-2,9.822274475E0,9.822873665E0
2.539447250E0,7.738906860E-2,7.738906860E-2,9.808203735E0,9.808814335E0
2.549490250E0,8.876541138E-2,6.810836792E-2,9.820029144E0,9.820666497E0
2.559533250E0,9.265731812E-2,6.062393188E-2,9.798623657E0,9.799249268E0
2.569575250E0,1.046324158E-1,5.837860107E-2,9.805209961E0,9.805941994E0
2.579618250E0,8.038284302E-2,8.472381592E-2,9.824519806E0,9.825213939E0
2.589661250E0,9.804611206E-2,6.765930176E-2,9.822573853E0,9.823296184E0
2.599703250E0,9.475296021E-2,6.780899048E-2,9.818232880E0,9.818924231E0
2.609746250E0,1.001417542E-1,7.694000244E-2,9.823921051E0,9.824732717E0
2.619789250E0,8.861572266E-2,7.798782349E-2,9.830956421E0,9.831665118E0
2.629831250E0,1.053808594E-1,7.289840698E-2,9.808203735E0,9.809040719E0
2.639874250E0,8.397537231E-2,6.825805664E-2,9.815837860E0,9.816434379E0
2.649917250E0,9.415420532E-2,7.469467163E-2,9.803563385E0,9.804300044E0
2.659959250E0,9.580078125E-2,5.807922363E-2,9.796677704E0,9.797318257E0
2.670002250E0,1.002914429E-1,7.873626709E-2,9.804012451E0,9.804841555E0
2.680045250E0,1.008901978E-1,7.020401001E-2,9.812544708E0,9.813314480E0
2.690088250E0,1.056802368E-1,7.798782349E-2,9.804760895E0,9.805640551E0
2.700130250E0,9.385482788E-2,7.080276489E-2,9.802365875E0,9.803070872E0
2.710173250E0,9.475296021E-2,6.661148071E-2,9.824819183E0,9.825501880E0
2.720216250E0,8.292755127E-2,5.792953491E-2,9.820029144E0,9.820550148E0
2.730258250E0,9.250762939E-2,7.349716187E-2,9.831854553E0,9.832564439E0
2.740301250E0,9.699829102E-2,6.990463257E-2,9.816735992E0,9.817464075E0
2.750344250E0,1.010398865E-1,5.822891235E-2,9.826765137E0,9.827457083E0
2.760386250E0,9.265731812E-2,8.337661743E-2,9.818083191E0,9.818874405E0
2.770429250E0,8.771759033E-2,6.331832886E-2,9.810898132E0,9.811494573E0
2.780472250E0,1.022373962E-1,7.244934082E-2,9.802814941E0,9.803615770E0
2.790514250E0,9.101074219E-2,7.723937988E-2,9.813891907E0,9.814617834E0
2.800557250E0,9.265731812E-2,7.170089722E-2,9.810748444E0,9.811447978E0
2.810600250E0,1.097218323E-1,7.694000244E-2,9.804162140E0,9.805077966E0
2.820642250E0,1.062789917E-1,7.080276489E-2,9.810149689E0,9.810980847E0
2.830685250E0,1.125659180E-1,6.256988525E-2,9.804760895E0,9.805606676E0
2.840728250E0,1.005908203E-1,6.810836792E-2,9.799970856E0,9.800723751E0
2.850770250E0,8.158035278E-2,6.511459351E-2,9.801318054E0,9.801873845E0
2.860813250E0,8.726852417E-2,7.319778442E-2,9.804012451E0,9.804674082E0
2.870856250E0,9.864486694E-2,7.244934082E-2,9.824370117E0,9.825132463E0
2.880898250E0,9.535171509E-2,6.152206421E-2,9.814191284E0,9.814847298E0
2.890941250E0,9.909393311E-2,5.328918457E-2,9.811197510E0,9.811842636E0
2.900984250E0,9.610015869E-2,6.885681152E-2,9.797875214E0,9.798588429E0
2.911026250E0,9.340576172E-2,7.394622803E-2,9.805359650E0,9.806083344E0
2.921069250E0,8.607101440E-2,7.469467163E-2,9.823471985E0,9.824133008E0
2.931112250E0,8.921447754E-2,6.780899048E-2,9.818382568E0,9.819022026E0
2.941155250E0,9.804611206E-2,6.945556641E-2,9.809401245E0,9.810137099E0
2.951197250E0,8.607101440E-2,7.694000244E-2,9.816735992E0,9.817414809E0
2.961240250E0,8.038284302E-2,7.679031372E-2,9.804910583E0,9.805540766E0
2.971283250E0,9.789642334E-2,6.122268677E-2,9.810149689E0,9.810829162E0
2.981325250E0,1.037342834E-1,7.140151978E-2,9.814640350E0,9.815448242E0
2.991368250E0,9.205856323E-2,7.244934082E-2,9.806407471E0,9.807107176E0
3.001411250E0,9.684860229E-2,6.900650024E-2,9.815239105E0,9.815959466E0
3.011453250E0,8.352630615E-2,7.858657837E-2,9.824370117E0,9.825039475E0
3.021496250E0,9.160949707E-2,6.017486572E-2,9.812395020E0,9.813007150E0
3.031539250E0,7.738906860E-2,6.197113037E-2,9.805808716E0,9.806309910E0
3.041581250E0,9.535171509E-2,6.541397095E-2,9.816436615E0,9.817117640E0
3.051624250E0,8.846603394E-2,7.679031372E-2,9.817634125E0,9.818332995E0
3.061667250E0,9.235794067E-2,5.792953491E-2,9.822274475E0,9.822879501E0
3.071709250E0,9.505233765E-2,7.634124756E-2,9.808353424E0,9.809111062E0
3.081752250E0,8.232879639E-2,7.858657837E-2,9.807305603E0,9.807966001E0
3.091795250E0,8.771759033E-2,6.496490479E-2,9.800270233E0,9.800878096E0
3.101837250E0,8.622070312E-2,6.242019653E-2,9.813293152E0,9.813870428E0
3.111880250E0,1.004411316E-1,6.002517700E-2,9.814790039E0,9.815487505E0
3.121923250E0,6.765930176E-2,6.032455444E-2,9.813742218E0,9.814160848E0
3.131965250E0,1.064286804E-1,6.346801758E-2,9.819879456E0,9.820661270E0
3.142008250E0,1.047821045E-1,6.017486572E-2,9.811347198E0,9.812091222E0
3.152051250E0,1.059796143E-1,6.930587769E-2,9.814340973E0,9.815157855E0
3.162093250E0,1.109193420E-1,7.005432129E-2,9.812694397E0,9.813571319E0
3.172136250E0,8.187973022E-2,7.783813477E-2,9.816586304E0,9.817236359E0
3.182179250E0,1.020877075E-1,6.810836792E-2,9.806706848E0,9.807474693E0
3.192222250E0,7.963439941E-2,5.718109131E-2,9.821975098E0,9.822464362E0
3.202264250E0,7.858657837E-2,6.197113037E-2,9.807904358E0,9.808414967E0
3.212307250E0,1.029858398E-1,7.244934082E-2,9.816436615E0,9.817244155E0
3.222350250E0,8.173004150E-2,5.553451538E-2,9.802066498E0,9.802564537E0
3.232392250E0,8.876541138E-2,7.589218140E-2,9.830657043E0,9.831350712E0
3.242435250E0,9.969268799E-2,6.586303711E-2,9.818831635E0,9.819558607E0
3.252478250E0,1.092727661E-1,5.598358154E-2,9.800719299E0,9.801488330E0
3.262520250E0,9.924362183E-2,6.092330933E-2,9.816586304E0,9.817276995E0
3.272563250E0,1.041833496E-1,7.499404907E-2,9.818831635E0,9.819670715E0
3.282606250E0,9.819580078E-2,6.855743408E-2,9.819131012E0,9.819861321E0
3.292648250E0,1.101708984E-1,7.259902954E-2,9.817185059E0,9.818071640E0
3.302691250E0,9.744735718E-2,7.514373779E-2,9.820927277E0,9.821698180E0
3.312734250E0,9.175918579E-2,6.900650024E-2,9.824968872E0,9.825639673E0
3.322776250E0,9.430389404E-2,7.469467163E-2,9.811646576E0,9.812384066E0
3.332819250E0,1.008901978E-1,7.634124756E-2,9.809251556E0,9.810067427E0
3.342862250E0,9.789642334E-2,6.930587769E-2,9.809401245E0,9.810134546E0
3.352904250E0,9.490264893E-2,6.945556641E-2,9.800868988E0,9.801574542E0
3.362947250E0,9.385482788E-2,6.735992432E-2,9.817484436E0,9.818164123E0
3.372990250E0,9.220825195E-2,7.020401001E-2,9.821975098E0,9.822658794E0
3.383032250E0,1.131646729E-1,7.619155884E-2,9.806856537E0,9.807805388E0
3.393075250E0,1.091230774E-1,7.349716187E-2,9.818532257E0,9.819413697E0
3.403118250E0,9.759704590E-2,6.601272583E-2,9.812544708E0,9.813252087E0
3.413161250E0,1.013392639E-1,5.912704468E-2,9.809850311E0,9.810551910E0
3.423203250E0,9.250762939E-2,6.915618896E-2,9.806108093E0,9.806788270E0
3.433246250E0,8.592132568E-2,6.601272583E-2,9.826166382E0,9.826763756E0
3.443289250E0,9.759704590E-2,6.466552734E-2,9.818681946E0,9.819379918E0
3.453331250E0,9.131011963E-2,8.472381592E-2,9.808652802E0,9.809443687E0
3.463374250E0,8.786727905E-2,6.676116943E-2,9.801467743E0,9.802088942E0
3.473417250E0,1.074765015E-1,6.032455444E-2,9.807305603E0,9.808080008E0
3.483458917E0,9.849517822E-2,7.200027466E-2,9.796378326E0,9.797138034E0
3.493501917E0,1.098715210E-1,7.050338745E-2,9.808203735E0,9.809072484E0
3.503544917E0,9.400451660E-2,5.837860107E-2,9.806856537E0,9.807480821E0
3.513586917E0,9.460327148E-2,5.942642212E-2,9.825567627E0,9.826202749E0
3.523629917E0,1.062789917E-1,5.718109131E-2,9.820927277E0,9.821668772E0
3.533672917E0,1.026864624E-1,6.840774536E-2,9.825417938E0,9.826192640E0
3.543714917E0,9.520202637E-2,6.945556641E-2,9.823621674E0,9.824328490E0
3.553757917E0,8.442443848E-2,5.493576050E-2,9.805209961E0,9.805727296E0
3.563800917E0,1.041833496E-1,6.915618896E-2,9.815538483E0,9.816334981E0
3.573842917E0,9.610015869E-2,6.960525513E-2,9.818382568E0,9.819099571E0
3.583885917E0,9.220825195E-2,6.077362061E-2,9.810898132E0,9.811519656E0
3.593928917E0,8.217910767E-2,6.346801758E-2,9.818831635E0,9.819380646E0
3.603970917E0,9.370513916E-2,7.963439941E-2,9.818382568E0,9.819152639E0
3.614013917E0,9.624984741E-2,7.289840698E-2,9.811197510E0,9.811940419E0
3.624056917E0,1.100212097E-1,7.274871826E-2,9.813891907E0,9.814778214E0
3.634098917E0,9.041198730E-2,7.469467163E-2,9.810449066E0,9.811150009E0
3.644141917E0,9.220825195E-2,7.334747314E-2,9.812844086E0,9.813551409E0
3.654184917E0,1.023870850E-1,7.140151978E-2,9.817035370E0,9.817828922E0
3.664227917E0,8.472381592E-2,8.158035278E-2,9.817634125E0,9.818338622E0
3.674269917E0,1.001417542E-1,7.229965210E-2,9.810748444E0,9.811525908E0
3.684312917E0,1.055305481E-1,5.269042969E-2,9.816137238E0,9.816845891E0
3.694355917E0,1.065783691E-1,7.229965210E-2,9.811945953E0,9.812791121E0
3.704397917E0,1.050814819E-1,6.825805664E-2,9.830207977E0,9.831006569E0
3.714440917E0,1.010398865E-1,5.179229736E-2,9.810598755E0,9.811255752E0
3.724483917E0,9.939331055E-2,6.256988525E-2,9.809700623E0,9.810403678E0
3.734525917E0,8.427474976E-2,7.679031372E-2,9.828411713E0,9.829072987E0
3.744568917E0,9.190887451E-2,6.975494385E-2,9.805808716E0,9.806487524E0
3.754611917E0,9.026229858E-2,7.679031372E-2,9.818532257E0,9.819247411E0
3.764653917E0,9.999206543E-2,7.379653931E-2,9.801318054E0,9.802105893E0
3.774696917E0,9.355545044E-2,7.170089722E-2,9.821226654E0,9.821933956E0
3.784739917E0,9.714797974E-2,6.840774536E-2,9.810598755E0,9.811318223E0
3.794781917E0,8.891510010E-2,6.810836792E-2,9.805209961E0,9.805849633E0
3.804824917E0,8.083190918E-2,7.319778442E-2,9.813143463E0,9.813749352E0
3.814867917E0,8.592132568E-2,7.125183105E-2,9.812395020E0,9.813029874E0
3.824909917E0,8.966354370E-2,6.915618896E-2,9.814191284E0,9.814844507E0
3.834952917E0,8.816665649E-2,7.514373779E-2,9.809700623E0,9.810384612E0
3.844995917E0,1.031355286E-1,7.634124756E-2,9.804461517E0,9.805301146E0
3.855038917E0,9.265731812E-2,7.050338745E-2,9.806557159E0,9.807248311E0
3.865080917E0,8.996292114E-2,7.080276489E-2,9.814640350E0,9.815308022E0
3.875123917E0,8.681945801E-2,7.140151978E-2,9.815089417E0,9.815733088E0
3.885166917E0,9.535171509E-2,7.095245361E-2,9.816286926E0,9.817006429E0
3.895208917E0,9.340576172E-2,5.763015747E-2,9.809850311E0,9.810464260E0
3.905251917E0,7.813751221E-2,6.167175293E-2,9.807904358E0,9.808409492E0
3.915294917E0,9.071136475E-2,7.708969116E-2,9.815239105E0,9.815960985E0
3.925336917E0,1.115180969E-1,5.867797852E-2,9.817783813E0,9.818592486E0
3.935379917E0,9.355545044E-2,6.915618896E-2,9.814790039E0,9.815479546E0
3.945422917E0,9.969268799E-2,7.364685059E-2,9.813592529E0,9.814375213E0
3.955464917E0,9.789642334E-2,7.185058594E-2,9.817035370E0,9.817786394E0
3.965507917E0,1.001417542E-1,6.167175293E-2,9.810898132E0,9.811603026E0
3.975550917E0,7.559280396E-2,6.631210327E-2,9.807754669E0,9.808270144E0
3.985592917E0,8.068222046E-2,6.571334839E-2,9.807455292E0,9.808007298E0
3.995635917E0,9.325607300E-2,5.897735596E-2,9.814490662E0,9.815110900E0
4.005678917E0,8.083190918E-2,6.182144165E-2,9.813143463E0,9.813671093E0
4.015720917E0,9.220825195E-2,6.735992432E-2,9.820029144E0,9.820693057E0
4.025763917E0,1.050814819E-1,6.900650024E-2,9.826316071E0,9.827120206E0
4.035806917E0,9.954299927E-2,6.945556641E-2,9.826765137E0,9.827514739E0
4.045848917E0,1.038839722E-1,6.571334839E-2,9.823022919E0,9.823792006E0
4.055891917E0,1.032852173E-1,7.110214233E-2,9.803713074E0,9.804514949E0
4.065934917E0,7.604187012E-2,6.556365967E-2,9.812245331E0,9.812759010E0
4.075977917E0,8.846603394E-2,6.152206421E-2,9.815987549E0,9.816578974E0
4.086019917E0,8.786727905E-2,6.361770630E-2,9.815089417E0,9.815688877E0
4.096062917E0,1.044827271E-1,6.646179199E-2,9.804311829E0,9.805093791E0
4.106105917E0,1.041833496E-1,7.484436035E-2,9.813742218E0,9.814580591E0
4.116147917E0,9.789642334E-2,7.274871826E-2,9.819280701E0,9.820038165E0
4.126190917E0,9.580078125E-2,7.259902954E-2,9.811796265E0,9.812532514E0
4.136233917E0,1.190025330E-1,7.050338745E-2,9.812095642E0,9.813070530E0
4.146275917E0,9.101074219E-2,7.544311523E-2,9.812245331E0,9.812957406E0
4.156318917E0,9.101074219E-2,6.107299805E-2,9.807006226E0,9.807618670E0
4.166361917E0,1.029858398E-1,7.140151978E-2,9.822873230E0,9.823672569E0
4.176403917E0,9.505233765E-2,6.167175293E-2,9.824519806E0,9.825173167E0
4.186446917E0,1.010398865E-1,6.900650024E-2,9.817484436E0,9.818246870E0
4.196489917E0,1.001417542E-1,6.870712280E-2,9.800569611E0,9.801322040E0
4.206531917E0,1.001417542E-1,6.316864014E-2,9.816885681E0,9.817599662E0
4.216574917E0,1.020877075E-1,6.691085815E-2,9.814191284E0,9.814950307E0
4.226617917E0,8.592132568E-2,6.466552734E-2,9.827812958E0,9.828401276E0
4.236660917E0,7.993377686E-2,7.319778442E-2,9.805060272E0,9.805659298E0
4.246702917E0,8.262817383E-2,8.053253174E-2,9.818232880E0,9.818910825E0
4.256745917E0,1.034349060E-1,8.098159790E-2,9.810748444E0,9.811627889E0
4.266788917E0,8.382568359E-2,6.661148071E-2,9.798923035E0,9.799507971E0
4.276830917E0,6.481521606E-2,6.361770630E-2,9.803413696E0,9.803834369E0
4.286873917E0,9.460327148E-2,7.020401001E-2,9.820029144E0,9.820735755E0
4.296916917E0,9.879455566E-2,5.882766724E-2,9.832752686E0,9.833424959E0
4.306958917E0,8.891510010E-2,6.571334839E-2,9.810748444E0,9.811371421E0
4.317001917E0,9.385482788E-2,7.005432129E-2,9.802515564E0,9.803215173E0
4.327044917E0,8.756790161E-2,6.346801758E-2,9.812993774E0,9.813589717E0
4.337086917E0,9.220825195E-2,7.424560547E-2,9.822424164E0,9.823137545E0
4.347129917E0,9.954299927E-2,7.349716187E-2,9.816286926E0,9.817066754E0
4.357172917E0,1.110690308E-1,6.316864014E-2,9.827513580E0,9.828344203E0
4.367214917E0,1.080752563E-1,6.316864014E-2,9.797725525E0,9.798525195E0
4.377257917E0,9.205856323E-2,6.346801758E-2,9.818681946E0,9.819318618E0
4.387300917E0,1.121168518E-1,6.631210327E-2,9.827812958E0,9.828676158E0
4.397342917E0,9.984237671E-2,5.807922363E-2,9.823471985E0,9.824151034E0
4.407385917E0,8.652008057E-2,6.301895142E-2,9.817035370E0,9.817618885E0
4.417428917E0,8.831634521E-2,6.990463257E-2,9.821975098E0,9.822620895E0
4.427471917E0,8.412506104E-2,8.247848511E-2,9.825417938E0,9.826124230E0
4.437513917E0,1.065783691E-1,7.185058594E-2,9.809700623E0,9.810542684E0
4.447556917E0,1.050814819E-1,7.020401001E-2,9.810748444E0,9.811562350E0
4.457599917E0,9.220825195E-2,7.559280396E-2,9.829908600E0,9.830631705E0
4.467641917E0,9.445358276E-2,5.882766724E-2,9.814490662E0,9.815121452E0
4.477684917E0,8.756790161E-2,6.601272583E-2,9.802964630E0,9.803577987E0
4.487727375E0,1.097218323E-1,7.948471069E-2,9.808952179E0,9.809887846E0
4.497769375E0,1.089733887E-1,6.406677246E-2,9.822424164E0,9.823237562E0
4.507812375E0,9.804611206E-2,6.526428223E-2,9.816137238E0,9.816843827E0
4.517855375E0,8.741821289E-2,7.484436035E-2,9.825567627E0,9.826241541E0
4.527897375E0,9.699829102E-2,7.708969116E-2,9.824370117E0,9.825151382E0
4.537940375E0,1.160087585E-1,6.586303711E-2,9.807754669E0,9.808661867E0
4.547983375E0,1.035845947E-1,6.586303711E-2,9.817484436E0,9.818251798E0
4.558025375E0,1.029858398E-1,9.131011963E-2,9.824968872E0,9.825932880E0
4.568068375E0,9.804611206E-2,6.197113037E-2,9.799372101E0,9.800058522E0
4.578111375E0,1.076261902E-1,5.837860107E-2,9.821226654E0,9.821989842E0
4.588153375E0,1.031355286E-1,5.538482666E-2,9.814790039E0,9.815488166E0
4.598196375E0,9.999206543E-2,6.765930176E-2,9.826465759E0,9.827207412E0
4.608239375E0,1.133143616E-1,7.813751221E-2,9.825268250E0,9.826232329E0
4.618282375E0,8.502319336E-2,6.795867920E-2,9.818681946E0,9.819285233E0
4.628324375E0,8.382568359E-2,5.538482666E-2,9.808652802E0,9.809167345E0
4.638367375E0,1.046324158E-1,6.721023560E-2,9.806257782E0,9.807046285E0
4.648410375E0,1.025367737E-1,6.002517700E-2,9.816586304E0,9.817305306E0
4.658452375E0,8.876541138E-2,6.077362061E-2,9.815688171E0,9.816277655E0
4.668495375E0,1.101708984E-1,7.185058594E-2,9.817185059E0,9.818066134E0
4.678538375E0,9.535171509E-2,6.915618896E-2,9.795180817E0,9.795889023E0
4.688580375E0,1.014889526E-1,6.885681152E-2,9.830806732E0,9.831571709E0
4.698623375E0,8.038284302E-2,6.346801758E-2,9.819580078E0,9.820114180E0
4.708666375E0,8.906478882E-2,6.900650024E-2,9.826765137E0,9.827411027E0
4.718708375E0,9.265731812E-2,6.107299805E-2,9.819580078E0,9.820207136E0
4.728751375E0,9.505233765E-2,7.664062500E-2,9.810000000E0,9.810759845E0
4.738794375E0,9.190887451E-2,7.559280396E-2,9.804910583E0,9.805632721E0
4.748836375E0,8.173004150E-2,7.035369873E-2,9.826316071E0,9.826907803E0
4.758879375E0,9.909393311E-2,7.439529419E-2,9.807904358E0,9.808687076E0
4.768922375E0,1.043330383E-1,6.631210327E-2,9.813742218E0,9.814520824E0
4.778965375E0,1.049317932E-1,7.409591675E-2,9.824220428E0,9.825060199E0
4.789007375E0,8.472381592E-2,6.526428223E-2,9.815538483E0,9.816121090E0
4.799050375E0,1.007405090E-1,7.229965210E-2,9.813742218E0,9.814525572E0
4.809093375E0,1.133143616E-1,7.050338745E-2,9.814640350E0,9.815547671E0
4.819135375E0,9.639953613E-2,6.017486572E-2,9.818831635E0,9.819489221E0
4.829178375E0,9.684860229E-2,6.571334839E-2,9.807006226E0,9.807704574E0
4.839221375E0,8.592132568E-2,7.589218140E-2,9.816286926E0,9.816956306E0
4.849263375E0,1.050814819E-1,7.155120850E-2,9.819729767E0,9.820552652E0
4.859306375E0,1.022373962E-1,6.975494385E-2,9.815688171E0,9.816468434E0
4.869349375E0,8.681945801E-2,9.041198730E-2,9.811496887E0,9.812297545E0
4.879391375E0,8.637039185E-2,8.143066406E-2,9.807604980E0,9.808323315E0
4.889434375E0,9.041198730E-2,7.424560547E-2,9.828711090E0,9.829407329E0
4.899477375E0,9.265731812E-2,7.589218140E-2,9.820328522E0,9.821058867E0
4.909519375E0,8.472381592E-2,6.646179199E-2,9.829309845E0,9.829899660E0
4.919562375E0,9.984237671E-2,7.065307617E-2,9.824669495E0,9.825430832E0
4.929605375E0,9.565109253E-2,7.694000244E-2,9.820328522E0,9.821095721E0
4.939647375E0,8.726852417E-2,6.915618896E-2,9.818382568E0,9.819013934E0
4.949690375E0,8.681945801E-2,6.885681152E-2,9.820029144E0,9.820654320E0
4.959733375E0,8.981323242E-2,6.346801758E-2,9.809700623E0,9.810317065E0
4.969776375E0,1.043330383E-1,8.382568359E-2,9.808652802E0,9.809565837E0
4.979818375E0,9.056167603E-2,6.346801758E-2,9.806706848E0,9.807330361E0
4.989861375E0,8.592132568E-2,6.316864014E-2,9.810000000E0,9.810579634E0
4.999904375E0,1.110690308E-1,7.005432129E-2,9.798773346E0,9.799653209E0
5.009946375E0,1.044827271E-1,7.349716187E-2,9.804012451E0,9.804844650E0
5.019989375E0,9.250762939E-2,6.571334839E-2,9.811347198E0,9.812003351E0
5.030032375E0,8.457412720E-2,6.122268677E-2,9.813891907E0,9.814447277E0
5.040074375E0,9.250762939E-2,7.364685059E-2,9.809700623E0,9.810413234E0
5.050117375E0,1.134640503E-1,8.038284302E-2,9.810898132E0,9.811883492E0
5.060160375E0,9.056167603E-2,6.990463257E-2,9.813891907E0,9.814558698E0
5.070202375E0,1.007405090E-1,7.155120850E-2,9.823921051E0,9.824698115E0
5.080245375E0,9.834548950E-2,7.439529419E-2,9.806407471E0,9.807182775E0
5.090288375E0,8.487350464E-2,6.541397095E-2,9.805659027E0,9.806244513E0
5.100330375E0,9.924362183E-2,7.259902954E-2,9.809101868E0,9.809872546E0
5.110373375E0,1.040336609E-1,7.948471069E-2,9.806557159E0,9.807431067E0
5.120416375E0,1.005908203E-1,7.259902954E-2,9.811047821E0,9.811832065E0
5.130459375E0,8.756790161E-2,7.214996338E-2,9.803713074E0,9.804369627E0
5.140501375E0,9.714797974E-2,6.990463257E-2,9.809101868E0,9.809831998E0
5.150544375E0,1.070274353E-1,6.930587769E-2,9.820777588E0,9.821605297E0
5.160587375E0,8.996292114E-2,6.346801758E-2,9.824669495E0,9.825286367E0
5.170629375E0,9.639953613E-2,7.529342651E-2,9.829309845E0,9.830070905E0
5.180672375E0,9.699829102E-2,6.227050781E-2,9.827214203E0,9.827890174E0
5.190715375E0,9.325607300E-2,6.331832886E-2,9.815837860E0,9.816485053E0
5.200757375E0,1.017883301E-1,6.137237549E-2,9.819580078E0,9.820299402E0
5.210800375E0,9.011260986E-2,7.873626709E-2,9.823322296E0,9.824051131E0
5.220843375E0,9.475296021E-2,6.107299805E-2,9.796977081E0,9.797625629E0
5.230885375E0,1.065783691E-1,6.032455444E-2,9.815239105E0,9.816003092E0
5.240928375E0,9.325607300E-2,7.813751221E-2,9.830507355E0,9.831260195E0
5.250971375E0,9.026229858E-2,7.304809570E-2,9.825717316E0,9.826403415E0
5.261014375E0,9.879455566E-2,5.343887329E-2,9.809251556E0,9.809894606E0
5.271056375E0,9.430389404E-2,6.661148071E-2,9.821226654E0,9.821905279E0
5.281099375E0,9.624984741E-2,6.436614990E-2,9.814490662E0,9.815173660E0
5.291142375E0,8.247848511E-2,6.436614990E-2,9.828711090E0,9.829267897E0
5.301184375E0,9.460327148E-2,7.304809570E-2,9.815239105E0,9.815966814E0
5.311227375E0,9.624984741E-2,6.750961304E-2,9.824968872E0,9.825672237E0
5.321270375E0,8.232879639E-2,6.107299805E-2,9.823771362E0,9.824306170E0
5.331312375E0,1.088237000E-1,6.256988525E-2,9.808652802E0,9.809456018E0
5.341355375E0,9.684860229E-2,7.170089722E-2,9.812245331E0,9.812985229E0
5.351398375E0,9.026229858E-2,8.247848511E-2,9.821526031E0,9.822287085E0
5.361440375E0,1.079255676E-1,6.661148071E-2,9.819879456E0,9.820698424E0
5.371483375E0,1.035845947E-1,6.676116943E-2,9.801467743E0,9.802242434E0
5.381526375E0,8.726852417E-2,7.798782349E-2,9.813442841E0,9.814140731E0
5.391568375E0,1.017883301E-1,6.750961304E-2,9.812993774E0,9.813753881E0
5.401611375E0,1.113684082E-1,6.840774536E-2,9.804760895E0,9.805631991E0
5.411654375E0,9.490264893E-2,8.217910767E-2,9.796827393E0,9.797631697E0
5.421697375E0,9.759704590E-2,8.262817383E-2,9.808652802E0,9.809486346E0
5.431739375E0,9.250762939E-2,8.352630615E-2,9.807455292E0,9.808247224E0
5.441782375E0,9.894424438E-2,7.125183105E-2,9.829459534E0,9.830215741E0
5.451825375E0,1.028361511E-1,8.472381592E-2,9.825867004E0,9.826770364E0
5.461867375E0,1.068777466E-1,6.945556641E-2,9.803114319E0,9.803942945E0
5.471910375E0,9.744735718E-2,5.763015747E-2,9.823921051E0,9.824573377E0
5.481953375E0,1.002914429E-1,6.646179199E-2,9.820178833E0,9.820915836E0
5.491995500E0,1.115180969E-1,6.511459351E-2,9.817634125E0,9.818483386E0
5.502038500E0,9.445358276E-2,7.035369873E-2,9.828711090E0,9.829416708E0
5.512081500E0,1.095721436E-1,6.706054688E-2,9.811197510E0,9.812038511E0
5.522123500E0,9.789642334E-2,6.511459351E-2,9.817484436E0,9.818188441E0
5.532166500E0,8.966354370E-2,5.448669434E-2,9.811347198E0,9.811908183E0
5.542209500E0,1.086740112E-1,7.080276489E-2,9.791438599E0,9.792297631E0
5.552251500E0,1.044827271E-1,8.502319336E-2,9.806407471E0,9.807332617E0
5.562294500E0,9.729766846E-2,6.706054688E-2,9.821076965E0,9.821787857E0
5.572337500E0,1.068777466E-1,6.137237549E-2,9.821526031E0,9.822299273E0
5.582380500E0,1.017883301E-1,8.053253174E-2,9.820178833E0,9.821036537E0
5.592422500E0,9.669891357E-2,7.005432129E-2,9.831106110E0,9.831831245E0
5.602465500E0,8.502319336E-2,7.454498291E-2,9.827513580E0,9.828164074E0
5.612508500E0,9.969268799E-2,6.406677246E-2,9.820478210E0,9.821193179E0
5.622550500E0,1.023870850E-1,5.882766724E-2,9.815837860E0,9.816548105E0
5.632593500E0,9.924362183E-2,6.047424316E-2,9.835896149E0,9.836582713E0
5.642636500E0,8.741821289E-2,6.481521606E-2,9.809550934E0,9.810154559E0
5.652678500E0,8.786727905E-2,6.960525513E-2,9.809550934E0,9.810191388E0
5.662721500E0,9.894424438E-2,6.301895142E-2,9.822124786E0,9.822825290E0
5.672764500E0,9.759704590E-2,6.990463257E-2,9.823322296E0,9.824055821E0
5.682806500E0,8.637039185E-2,7.244934082E-2,9.824070740E0,9.824717535E0
5.692849500E0,9.744735718E-2,6.541397095E-2,9.809700623E0,9.810402707E0
5.702892500E0,9.804611206E-2,8.352630615E-2,9.808503113E0,9.809348755E0
5.712934500E0,8.711883545E-2,8.083190918E-2,9.813592529E0,9.814312091E0
5.722977500E0,1.088237000E-1,7.499404907E-2,9.824220428E0,9.825109350E0
5.733020500E0,1.034349060E-1,7.349716187E-2,9.818681946E0,9.819501808E0
5.743063500E0,1.047821045E-1,5.014572144E-2,9.798473969E0,9.799162515E0
5.753105500E0,9.744735718E-2,5.942642212E-2,9.820627899E0,9.821291148E0
5.763148500E0,8.951385498E-2,6.765930176E-2,9.823621674E0,9.824262481E0
5.773191500E0,1.089733887E-1,7.259902954E-2,9.816586304E0,9.817459573E0
5.783233500E0,1.049317932E-1,7.005432129E-2,9.820627899E0,9.821438317E0
5.793276500E0,1.011895752E-1,6.271957397E-2,9.817334747E0,9.818056560E0
5.803319500E0,1.070274353E-1,7.753875732E-2,9.817783813E0,9.818673339E0
5.813361500E0,8.876541138E-2,8.143066406E-2,9.829609222E0,9.830347284E0
5.823404500E0,8.502319336E-2,6.840774536E-2,9.821226654E0,9.821832902E0
5.833447500E0,9.340576172E-2,7.080276489E-2,9.811646576E0,9.812346620E0
5.843489500E0,1.091230774E-1,7.080276489E-2,9.814191284E0,9.815053308E0
5.853532500E0,9.804611206E-2,7.125183105E-2,9.817783813E0,9.818531910E0
5.863575500E0,8.861572266E-2,5.972579956E-2,9.807006226E0,9.807588441E0
5.873618500E0,1.034349060E-1,6.316864014E-2,9.800270233E0,9.801019626E0
5.883660500E0,9.744735718E-2,7.125183105E-2,9.814191284E0,9.814933692E0
5.893703500E0,1.031355286E-1,7.424560547E-2,9.815688171E0,9.816510766E0
5.903746500E0,9.954299927E-2,5.418731689E-2,9.828262024E0,9.828915479E0
5.913788500E0,1.026864624E-1,6.945556641E-2,9.818981323E0,9.819763888E0
5.923831500E0,8.906478882E-2,7.274871826E-2,9.803862762E0,9.804537214E0
5.933874500E0,1.013392639E-1,8.217910767E-2,9.804760895E0,9.805628958E0
5.943916500E0,1.002914429E-1,8.322692871E-2,9.812993774E0,9.813859175E0
5.953959500E0,1.007405090E-1,7.604187012E-2,9.806108093E0,9.806920360E0
5.964002500E0,9.894424438E-2,6.212081909E-2,9.834399261E0,9.835093177E0
5.974044500E0,8.517288208E-2,6.047424316E-2,9.800569611E0,9.801126274E0
5.984087500E0,9.834548950E-2,6.900650024E-2,9.810598755E0,9.811334347E0
5.994130500E0,1.151106262E-1,8.023315430E-2,9.813442841E0,9.814445894E0
6.004172500E0,1.082249451E-1,8.217910767E-2,9.801767120E0,9.802709050E0
6.014215500E0,1.050814819E-1,7.140151978E-2,9.809700623E0,9.810523258E0
6.024258500E0,1.055305481E-1,8.038284302E-2,9.820777588E0,9.821673510E0
6.034301500E0,1.031355286E-1,6.107299805E-2,9.806706848E0,9.807439322E0
6.044343500E0,9.595046997E-2,6.481521606E-2,9.817634125E0,9.818316929E0
6.054386500E0,8.322692871E-2,6.256988525E-2,9.821226654E0,9.821778592E0
6.064429500E0,9.744735718E-2,7.229965210E-2,9.807754669E0,9.808505232E0
6.074471500E0,8.098159790E-2,7.903564453E-2,9.819729767E0,9.820381731E0
6.084514500E0,9.370513916E-2,6.586303711E-2,9.798623657E0,9.799293044E0
6.094557500E0,9.430389404E-2,6.197113037E-2,9.796977081E0,9.797626936E0
6.104599500E0,1.127156067E-1,7.065307617E-2,9.817933502E0,9.818834703E0
6.114642500E0,1.047821045E-1,6.346801758E-2,9.818981323E0,9.819745501E0
6.124685500E0,1.080752563E-1,7.020401001E-2,9.809401245E0,9.810247787E0
6.134727500E0,9.624984741E-2,6.331832886E-2,9.827663269E0,9.828338546E0
6.144770500E0,9.265731812E-2,6.601272583E-2,9.825567627E0,9.826226247E0
6.154813500E0,9.699829102E-2,6.481521606E-2,9.810898132E0,9.811591708E0
6.164856500E0,9.295669556E-2,7.664062500E-2,9.803413696E0,9.804153958E0
6.174898500E0,9.924362183E-2,6.496490479E-2,9.806108093E0,9.806825464E0
6.184941500E0,9.190887451E-2,7.963439941E-2,9.815987549E0,9.816740826E0
6.194984500E0,1.059796143E-1,6.721023560E-2,9.819879456E0,9.820681311E0
6.205026500E0,9.639953613E-2,6.930587769E-2,9.826316071E0,9.827033311E0
6.215069500E0,1.148112488E-1,6.840774536E-2,9.820328522E0,9.821237881E0
6.225112500E0,8.741821289E-2,6.960525513E-2,9.816735992E0,9.817371969E0
6.235154500E0,9.505233765E-2,6.002517700E-2,9.822424164E0,9.823067465E0
6.245197500E0,9.804611206E-2,6.062393188E-2,9.813742218E0,9.814419220E0
6.255240500E0,9.999206543E-2,6.092330933E-2,9.808353424E0,9.809052296E0
6.265282500E0,1.041833496E-1,7.080276489E-2,9.811945953E0,9.812754486E0
6.275325500E0,1.011895752E-1,4.849914551E-2,9.812993774E0,9.813635326E0
6.285368500E0,9.400451660E-2,7.903564453E-2,9.828561401E0,9.829328701E0
6.295411500E0,1.116677856E-1,6.242019653E-2,9.832153931E0,9.832986163E0
6.305453500E0,9.804611206E-2,6.616241455E-2,9.811347198E0,9.812060148E0
6.315496500E0,1.011895752E-1,7.723937988E-2,9.817334747E0,9.818160051E0
6.325539500E0,1.062789917E-1,7.873626709E-2,9.824669495E0,9.825559796E0
6.335581500E0,9.789642334E-2,8.158035278E-2,9.801916809E0,9.802745136E0
6.345624500E0,1.020877075E-1,8.173004150E-2,9.816885681E0,9.817756677E0
6.355667500E0,9.789642334E-2,6.825805664E-2,9.815239105E0,9.815964627E0
6.365709500E0,8.756790161E-2,8.023315430E-2,9.817783813E0,9.818502152E0
6.375752500E0,9.280700684E-2,7.993377686E-2,9.829010468E0,9.829773615E0
6.385795500E0,1.184037781E-1,7.125183105E-2,9.820328522E0,9.821300757E0
6.395837500E0,1.080752563E-1,8.143066406E-2,9.823771362E0,9.824703303E0
6.405880500E0,8.592132568E-2,7.170089722E-2,9.811646576E0,9.812284750E0
6.415923500E0,1.032852173E-1,7.738906860E-2,9.824220428E0,9.825068139E0
6.425966500E0,1.077758789E-1,7.589218140E-2,9.813293152E0,9.814178404E0
6.436008500E0,9.535171509E-2,6.137237549E-2,9.807455292E0,9.808110818E0
6.446051500E0,9.026229858E-2,6.915618896E-2,9.811646576E0,9.812305458E0
6.456094500E0,1.194515991E-1,6.870712280E-2,9.817484436E0,9.818451507E0
6.466136500E0,1.163081360E-1,6.406677246E-2,9.814490662E0,9.815388891E0
6.476179500E0,9.026229858E-2,5.897735596E-2,9.821076965E0,9.821668818E0
6.486222917E0,8.906478882E-2,7.110214233E-2,9.806407471E0,9.807069671E0
6.496264917E0,9.475296021E-2,6.870712280E-2,9.811945953E0,9.812643996E0
6.506307917E0,1.067280579E-1,7.559280396E-2,9.809401245E0,9.810273082E0
6.516350917E0,9.924362183E-2,5.209167480E-2,9.822424164E0,9.823063641E0
6.526392917E0,8.831634521E-2,7.589218140E-2,9.823322296E0,9.824012436E0
6.536435917E0,9.550140381E-2,7.274871826E-2,9.816436615E0,9.817170708E0
6.546478917E0,1.137634277E-1,7.259902954E-2,9.809850311E0,9.810778556E0
6.556521917E0,1.128652954E-1,6.481521606E-2,9.812694397E0,9.813557506E0
6.566563917E0,1.043330383E-1,6.077362061E-2,9.825118561E0,9.825860448E0
6.576606917E0,1.116677856E-1,8.592132568E-2,9.817185059E0,9.818196099E0
6.586649917E0,9.774673462E-2,8.202941895E-2,9.822124786E0,9.822953658E0
6.596691917E0,8.936416626E-2,6.436614990E-2,9.808952179E0,9.809570419E0
6.606734917E0,1.028361511E-1,6.930587769E-2,9.822274475E0,9.823057286E0
6.616777917E0,9.565109253E-2,6.885681152E-2,9.824669495E0,9.825376383E0
6.626819917E0,6.795867920E-2,7.484436035E-2,9.821076965E0,9.821597264E0
6.636862917E0,9.984237671E-2,6.721023560E-2,9.812095642E0,9.812833770E0
6.646905917E0,9.295669556E-2,6.496490479E-2,9.817783813E0,9.818438796E0
6.656947917E0,1.041833496E-1,6.631210327E-2,9.816885681E0,9.817662448E0
6.666990917E0,9.819580078E-2,6.915618896E-2,9.825717316E0,9.826451331E0
6.677033917E0,1.056802368E-1,7.559280396E-2,9.824819183E0,9.825678326E0
6.687076917E0,1.038839722E-1,6.077362061E-2,9.807006226E0,9.807744716E0
6.697118917E0,1.016386414E-1,7.679031372E-2,9.807754669E0,9.808581896E0
6.707161917E0,9.744735718E-2,7.439529419E-2,9.822573853E0,9.823338930E0
6.717204917E0,1.149609375E-1,6.825805664E-2,9.810898132E0,9.811809076E0
6.727246917E0,1.052311707E-1,6.406677246E-2,9.807006226E0,9.807780037E0
6.737289917E0,9.535171509E-2,7.903564453E-2,9.828711090E0,9.829491354E0
6.747332917E0,8.786727905E-2,7.634124756E-2,9.814041595E0,9.814731840E0
6.757374917E0,9.101074219E-2,8.083190918E-2,9.812245331E0,9.813000315E0
6.767417917E0,1.202000427E-1,7.185058594E-2,9.798623657E0,9.799624285E0
6.777460917E0,1.038839722E-1,7.229965210E-2,9.827812958E0,9.828627913E0
6.787502917E0,9.026229858E-2,6.810836792E-2,9.818831635E0,9.819482710E0
6.797545917E0,9.250762939E-2,5.733078003E-2,9.807455292E0,9.808059124E0
6.807588917E0,1.052311707E-1,5.373825073E-2,9.810748444E0,9.811459954E0
6.817631917E0,1.083746338E-1,7.858657837E-2,9.816436615E0,9.817349374E0
6.827673917E0,9.774673462E-2,7.469467163E-2,9.813592529E0,9.814363558E0
6.837716917E0,9.280700684E-2,5.553451538E-2,9.820627899E0,9.821223425E0
6.847759917E0,9.445358276E-2,5.822891235E-2,9.811047821E0,9.811675261E0
6.857801917E0,9.175918579E-2,6.152206421E-2,9.803114319E0,9.803736791E0
6.867844917E0,1.124162292E-1,6.750961304E-2,9.808353424E0,9.809229931E0
6.877887917E0,8.891510010E-2,6.646179199E-2,9.823172607E0,9.823799832E0
6.887929917E0,9.430389404E-2,6.915618896E-2,9.809700623E0,9.810397653E0
6.897972917E0,9.250762939E-2,8.307723999E-2,9.805808716E0,9.806596966E0
6.908015917E0,1.127156067E-1,6.780899048E-2,9.825717316E0,9.826597765E0
6.918057917E0,9.610015869E-2,7.200027466E-2,9.802814941E0,9.803550380E0
6.928100917E0,1.040336609E-1,6.451583862E-2,9.805659027E0,9.806423112E0
6.938143917E0,1.052311707E-1,6.256988525E-2,9.811796265E0,9.812560039E0
6.948186917E0,9.610015869E-2,7.708969116E-2,9.824370117E0,9.825142557E0
6.958228917E0,8.247848511E-2,6.496490479E-2,9.817334747E0,9.817896143E0
6.968271917E0,9.954299927E-2,5.703140259E-2,9.813592529E0,9.814263076E0
6.978314917E0,8.996292114E-2,6.990463257E-2,9.827363892E0,9.828024270E0
6.988356917E0,1.025367737E-1,7.828720093E-2,9.802216187E0,9.803065074E0
6.998399917E0,9.595046997E-2,5.553451538E-2,9.824819183E0,9.825444650E0
7.008442917E0,1.002914429E-1,6.795867920E-2,9.815538483E0,9.816286083E0
7.018484917E0,9.011260986E-2,5.269042969E-2,9.813293152E0,9.813848330E0
7.028527917E0,9.175918579E-2,5.733078003E-2,9.811646576E0,9.812243123E0
7.038570917E0,1.025367737E-1,7.185058594E-2,9.805509338E0,9.806308667E0
7.048613917E0,9.849517822E-2,6.361770630E-2,9.806257782E0,9.806958764E0
7.058655917E0,9.759704590E-2,6.960525513E-2,9.803114319E0,9.803847226E0
7.068698917E0,1.011895752E-1,6.915618896E-2,9.804760895E0,9.805526917E0
7.078741917E0,9.041198730E-2,5.972579956E-2,9.811945953E0,9.812544262E0
7.088783917E0,1.086740112E-1,7.783813477E-2,9.807604980E0,9.808515906E0
7.098826917E0,9.295669556E-2,7.140151978E-2,9.827214203E0,9.827913213E0
7.108869917E0,9.175918579E-2,6.825805664E-2,9.831854553E0,9.832519660E0
7.118911917E0,8.846603394E-2,6.661148071E-2,9.833052063E0,9.833675620E0
7.128954917E0,8.666976929E-2,7.229965210E-2,9.824370117E0,9.825018427E0
7.138997917E0,9.235794067E-2,6.301895142E-2,9.822124786E0,9.822761154E0
7.149039917E0,9.684860229E-2,6.870712280E-2,9.821526031E0,9.822243833E0
7.159082917E0,8.292755127E-2,7.499404907E-2,9.816137238E0,9.816773979E0
7.169125917E0,8.996292114E-2,6.810836792E-2,9.813592529E0,9.814241204E0
7.179167917E0,8.756790161E-2,7.394622803E-2,9.811646576E0,9.812315971E0
7.189210917E0,8.876541138E-2,6.197113037E-2,9.826914825E0,9.827511115E0
7.199253917E0,1.001417542E-1,7.723937988E-2,9.813592529E0,9.814407401E0
7.209296917E0,9.385482788E-2,6.376739502E-2,9.811496887E0,9.812152984E0
7.219338917E0,1.002914429E-1,5.927673340E-2,9.818382568E0,9.819073702E0
7.229381917E0,1.022373962E-1,7.080276489E-2,9.821226654E0,9.822013974E0
7.239424917E0,9.864486694E-2,6.750961304E-2,9.817185059E0,9.817912753E0
7.249466917E0,1.098715210E-1,6.376739502E-2,9.805958405E0,9.806781239E0
7.259509917E0,1.151106262E-1,6.825805664E-2,9.820927277E0,9.821839043E0
7.269552917E0,9.759704590E-2,6.885681152E-2,9.803713074E0,9.804440651E0
7.279594917E0,8.891510010E-2,7.694000244E-2,9.834249573E0,9.834952482E0
7.289637917E0,1.242416382E-1,6.631210327E-2,9.764494629E0,9.765510158E0
7.299680917E0,5.059478760E-2,7.080276489E-2,9.862989807E0,9.863373703E0
7.309723917E0,1.043330383E-1,9.325607300E-2,9.795629883E0,9.796629363E0
7.319765917E0,1.019380188E-1,5.748046875E-2,9.833201752E0,9.833898111E0
7.329808917E0,8.442443848E-2,6.227050781E-2,9.793683929E0,9.794245760E0
7.339851917E0,1.119671631E-1,6.780899048E-2,9.822723541E0,9.823595700E0
7.349893917E0,8.547225952E-2,6.721023560E-2,9.801467743E0,9.802070834E0
7.359936917E0,9.774673462E-2,6.002517700E-2,9.819430389E0,9.820100336E0
7.369979917E0,9.894424438E-2,5.957611084E-2,9.822424164E0,9.823103162E0
7.380021917E0,1.116677856E-1,5.957611084E-2,9.809550934E0,9.810367400E0
7.390064917E0,8.756790161E-2,7.768844604E-2,9.859397278E0,9.860092206E0
7.400107917E0,1.088237000E-1,5.164260864E-2,9.791588287E0,9.792329179E0
7.410149917E0,9.325607300E-2,7.634124756E-2,9.830507355E0,9.831246082E0
7.420192917E0,1.032852173E-1,6.750961304E-2,9.817634125E0,9.818409504E0
7.430235917E0,9.325607300E-2,8.981323242E-2,9.823921051E0,9.824774192E0
7.440278917E0,1.038839722E-1,5.089416504E-2,9.836345215E0,9.837025429E0
7.450320917E0,1.143621826E-1,8.711883545E-2,9.799222412E0,9.800276949E0
7.460363917E0,1.037342834E-1,5.882766724E-2,9.811197510E0,9.811922241E0
7.470406917E0,9.939331055E-2,7.499404907E-2,9.801318054E0,9.802108892E0
7.480448917E0,1.014889526E-1,6.691085815E-2,9.810000000E0,9.810753135E0
7.490491292E0,9.340576172E-2,8.711883545E-2,9.813592529E0,9.814423705E0
7.500534292E0,1.026864624E-1,5.957611084E-2,9.812544708E0,9.813262835E0
7.510576292E0,9.355545044E-2,6.960525513E-2,9.814191284E0,9.814884007E0
7.520619292E0,1.071771240E-1,6.227050781E-2,9.822274475E0,9.823056572E0
7.530662292E0,1.017883301E-1,6.990463257E-2,9.806856537E0,9.807633897E0
7.540705292E0,8.307723999E-2,5.493576050E-2,9.816137238E0,9.816642503E0
7.550747292E0,7.409591675E-2,4.864883423E-2,9.807604980E0,9.808005524E0
7.560790292E0,8.292755127E-2,7.259902954E-2,9.810449066E0,9.811068162E0
7.570833292E0,9.565109253E-2,7.140151978E-2,9.808652802E0,9.809379037E0
7.580875292E0,9.984237671E-2,6.885681152E-2,9.811646576E0,9.812396154E0
7.590918292E0,9.160949707E-2,7.080276489E-2,9.812245331E0,9.812928399E0
7.600961292E0,9.624984741E-2,6.361770630E-2,9.811496887E0,9.812175213E0
7.611003292E0,8.547225952E-2,6.496490479E-2,9.824370117E0,9.824956699E0
7.621046292E0,1.100212097E-1,7.080276489E-2,9.818232880E0,9.819104571E0
7.631089292E0,1.061293030E-1,6.795867920E-2,9.821076965E0,9.821885490E0
7.641131292E0,9.879455566E-2,7.619155884E-2,9.816137238E0,9.816930059E0
7.651174292E0,1.008901978E-1,6.256988525E-2,9.834099884E0,9.834816437E0
7.661217292E0,9.175918579E-2,6.885681152E-2,9.822723541E0,9.823393445E0
7.671260292E0,1.047821045E-1,6.750961304E-2,9.823322296E0,9.824113078E0
7.681302292E0,1.061293030E-1,6.406677246E-2,9.822124786E0,9.822907070E0
7.691345292E0,1.091230774E-1,6.526428223E-2,9.813592529E0,9.814416213E0
7.701388292E0,1.025367737E-1,6.077362061E-2,9.809101868E0,9.809826027E0
7.711430292E0,9.490264893E-2,4.864883423E-2,9.822124786E0,9.822703729E0
7.721473292E0,9.385482788E-2,7.185058594E-2,9.833950195E0,9.834660527E0
7.731516292E0,8.771759033E-2,4.805007935E-2,9.825717316E0,9.826226333E0
7.741558292E0,1.112187195E-1,6.990463257E-2,9.815987549E0,9.816866497E0
7.751601292E0,7.679031372E-2,7.933502197E-2,9.793085175E0,9.793707573E0
7.761644292E0,8.711883545E-2,6.316864014E-2,9.793534241E0,9.794125428E0
7.771687292E0,1.032852173E-1,6.107299805E-2,9.815837860E0,9.816571226E0
7.781729292E0,1.133143616E-1,5.807922363E-2,9.811347198E0,9.812173418E0
7.791772292E0,9.131011963E-2,6.945556641E-2,9.808652802E0,9.809323697E0
7.801815292E0,9.939331055E-2,7.664062500E-2,9.809251556E0,9.810054481E0
7.811857292E0,1.049317932E-1,6.002517700E-2,9.818681946E0,9.819426096E0
7.821900292E0,1.013392639E-1,6.855743408E-2,9.808353424E0,9.809116508E0
7.831943292E0,1.100212097E-1,5.388793945E-2,9.787846069E0,9.788612734E0
7.841985292E0,8.801696777E-2,7.349716187E-2,9.804162140E0,9.804832690E0
7.852028292E0,9.460327148E-2,6.436614990E-2,9.800120544E0,9.800788512E0
7.862071292E0,1.016386414E-1,6.092330933E-2,9.824519806E0,9.825234424E0
7.872113292E0,1.155596924E-1,5.927673340E-2,9.811646576E0,9.812506117E0
7.882156292E0,9.475296021E-2,5.972579956E-2,9.812245331E0,9.812884577E0
7.892199292E0,9.160949707E-2,8.247848511E-2,9.808054047E0,9.808828635E0
7.902242292E0,1.034349060E-1,6.526428223E-2,9.822873230E0,9.823634597E0
7.912284292E0,1.043330383E-1,6.975494385E-2,9.808802490E0,9.809605366E0
7.922327292E0,9.535171509E-2,6.152206421E-2,9.805060272E0,9.805716897E0
7.932370292E0,8.202941895E-2,6.795867920E-2,9.825867004E0,9.826444403E0
7.942412292E0,9.954299927E-2,6.975494385E-2,9.810299377E0,9.811052361E0
7.952455292E0,8.547225952E-2,7.065307617E-2,9.821376343E0,9.822002374E0
7.962498292E0,9.190887451E-2,6.616241455E-2,9.824370117E0,9.825022794E0
7.972540292E0,9.145980835E-2,6.286926270E-2,9.824070740E0,9.824697621E0
7.982583292E0,8.771759033E-2,6.930587769E-2,9.805958405E0,9.806595633E0
7.992626292E0,1.094224548E-1,7.559280396E-2,9.808054047E0,9.808955690E0
8.002669292E0,9.250762939E-2,5.463638306E-2,9.829010468E0,9.829597630E0
8.012711292E0,8.652008057E-2,6.511459351E-2,9.818083191E0,9.818680318E0
8.022754292E0,9.864486694E-2,6.885681152E-2,9.810449066E0,9.811186623E0
8.032797292E0,1.089733887E-1,6.676116943E-2,9.822424164E0,9.823255505E0
8.042839292E0,9.131011963E-2,5.987548828E-2,9.814790039E0,9.815397400E0
8.052882292E0,8.562194824E-2,8.681945801E-2,9.796977081E0,9.797735895E0
8.062925292E0,1.070274353E-1,7.170089722E-2,9.820029144E0,9.820874110E0
8.072967292E0,1.031355286E-1,7.035369873E-2,9.819879456E0,9.820673047E0
8.083010292E0,9.505233765E-2,7.918533325E-2,9.820029144E0,9.820808401E0
8.093053292E0,1.139131165E-1,7.574249268E-2,9.827962646E0,9.828914635E0
8.103095292E0,9.295669556E-2,5.044509888E-2,9.812245331E0,9.812815299E0
8.113138292E0,8.861572266E-2,7.065307617E-2,9.813592529E0,9.814246937E0
8.123181292E0,9.430389404E-2,7.589218140E-2,9.807904358E0,9.808651321E0
8.133224292E0,1.047821045E-1,5.942642212E-2,9.809101868E0,9.809841499E0
8.143266292E0,1.002914429E-1,6.242019653E-2,9.810898132E0,9.811609288E0
8.153309292E0,8.397537231E-2,8.352630615E-2,9.814939728E0,9.815654352E0
8.163352292E0,7.020401001E-2,7.080276489E-2,9.808353424E0,9.808860205E0
8.173394292E0,9.280700684E-2,7.319778442E-2,9.809251556E0,9.809963667E0
8.183437292E0,8.801696777E-2,7.095245361E-2,9.823322296E0,9.823972830E0
8.193480292E0,8.352630615E-2,6.017486572E-2,9.824669495E0,9.825208819E0
8.203522292E0,9.235794067E-2,7.274871826E-2,9.825867004E0,9.826570345E0
8.213565292E0,8.711883545E-2,7.694000244E-2,9.829160156E0,9.829847345E0
8.223608292E0,1.019380188E-1,6.855743408E-2,9.816137238E0,9.816905915E0
8.233651292E0,9.924362183E-2,6.391708374E-2,9.818681946E0,9.819391521E0
8.243693292E0,1.091230774E-1,6.122268677E-2,9.802365875E0,9.803164429E0
8.253736292E0,9.175918579E-2,7.499404907E-2,9.814191284E0,9.814906745E0
8.263779292E0,9.370513916E-2,6.945556641E-2,9.820029144E0,9.820721823E0
8.273821292E0,1.169068909E-1,6.391708374E-2,9.816436615E0,9.817340802E0
8.283864292E0,1.088237000E-1,6.481521606E-2,9.833201752E0,9.834017506E0
8.293907292E0,9.909393311E-2,5.942642212E-2,9.821526031E0,9.822205694E0
8.303949292E0,8.262817383E-2,7.304809570E-2,9.814490662E0,9.815110309E0
8.313992292E0,7.214996338E-2,7.873626709E-2,9.821226654E0,9.821807268E0
8.324035292E0,7.783813477E-2,7.514373779E-2,9.809101868E0,9.809698507E0
8.334078292E0,1.061293030E-1,7.334747314E-2,9.817484436E0,9.818332034E0
8.344120292E0,9.924362183E-2,6.960525513E-2,9.816735992E0,9.817484389E0
8.354163292E0,9.924362183E-2,8.726852417E-2,9.820029144E0,9.820918363E0
8.364206292E0,1.038839722E-1,7.469467163E-2,9.808652802E0,9.809487293E0
8.374248292E0,1.010398865E-1,6.242019653E-2,9.805958405E0,9.806677601E0
8.384291292E0,1.085243225E-1,5.493576050E-2,9.830058289E0,9.830810822E0
8.394334292E0,9.520202637E-2,6.915618896E-2,9.826914825E0,9.827619294E0
8.404376292E0,9.295669556E-2,6.077362061E-2,9.807155914E0,9.807784740E0
8.414419292E0,1.016386414E-1,7.903564453E-2,9.809700623E0,9.810545517E0
8.424462292E0,1.088237000E-1,6.885681152E-2,9.809700623E0,9.810545865E0
8.434504292E0,8.577163696E-2,5.733078003E-2,9.819729767E0,9.820271701E0
8.444547292E0,1.160087585E-1,6.077362061E-2,9.824220428E0,9.825093307E0
8.454590292E0,9.475296021E-2,7.229965210E-2,9.818382568E0,9.819105948E0
8.464633292E0,9.295669556E-2,8.307723999E-2,9.791438599E0,9.792232259E0
8.474675292E0,1.062789917E-1,6.900650024E-2,9.808952179E0,9.809770638E0
8.484718292E0,9.175918579E-2,5.807922363E-2,9.811945953E0,9.812546883E0
8.494761500E0,9.714797974E-2,7.649093628E-2,9.829309845E0,9.830087519E0
8.504803500E0,1.067280579E-1,6.990463257E-2,9.810149689E0,9.810979281E0
8.514846500E0,9.894424438E-2,5.972579956E-2,9.821076965E0,9.821756966E0
8.524889500E0,9.101074219E-2,5.882766724E-2,9.828411713E0,9.829009128E0
8.534932500E0,9.849517822E-2,6.421646118E-2,9.812694397E0,9.813398819E0
8.544974500E0,9.580078125E-2,6.107299805E-2,9.806407471E0,9.807065574E0
8.555017500E0,1.062789917E-1,5.688171387E-2,9.826914825E0,9.827654132E0
8.565060500E0,9.145980835E-2,7.409591675E-2,9.823172607E0,9.823877807E0
8.575102500E0,9.714797974E-2,5.763015747E-2,9.806108093E0,9.806758634E0
8.585145500E0,9.744735718E-2,6.167175293E-2,9.805209961E0,9.805888117E0
8.595188500E0,1.019380188E-1,6.316864014E-2,9.818831635E0,9.819563957E0
8.605230500E0,1.074765015E-1,6.616241455E-2,9.812245331E0,9.813056970E0
8.615273500E0,9.984237671E-2,6.511459351E-2,9.811047821E0,9.811771897E0
8.625316500E0,8.846603394E-2,7.304809570E-2,9.805060272E0,9.805731447E0
8.635358500E0,9.400451660E-2,8.158035278E-2,9.808802490E0,9.809592168E0
8.645401500E0,1.040336609E-1,8.816665649E-2,9.829609222E0,9.830555113E0
8.655444500E0,1.007405090E-1,7.768844604E-2,9.813742218E0,9.814566749E0
8.665487500E0,1.083746338E-1,7.649093628E-2,9.831704865E0,9.832599680E0
8.675529500E0,1.041833496E-1,5.463638306E-2,9.822124786E0,9.822829258E0
8.685572500E0,8.666976929E-2,6.945556641E-2,9.802665253E0,9.803294435E0
8.695615500E0,8.187973022E-2,6.750961304E-2,9.814191284E0,9.814765020E0
8.705657500E0,8.951385498E-2,7.125183105E-2,9.809850311E0,9.810517452E0
8.715700500E0,1.101708984E-1,6.511459351E-2,9.816885681E0,9.817719797E0
8.725743500E0,9.864486694E-2,7.334747314E-2,9.819430389E0,9.820199786E0
8.735785500E0,9.595046997E-2,5.643264771E-2,9.824070740E0,9.824701371E0
8.745828500E0,9.864486694E-2,6.137237549E-2,9.805659027E0,9.806347247E0
8.755871500E0,1.025367737E-1,6.750961304E-2,9.821675720E0,9.822442939E0
8.765914500E0,1.005908203E-1,6.466552734E-2,9.816885681E0,9.817613998E0
8.775956500E0,1.004411316E-1,4.909790039E-2,9.812544708E0,9.813181578E0
8.785999500E0,1.029858398E-1,6.122268677E-2,9.816885681E0,9.817616756E0
8.796042500E0,7.604187012E-2,7.948471069E-2,9.834698639E0,9.835313798E0
8.806084500E0,9.370513916E-2,7.050338745E-2,9.821825409E0,9.822525426E0
8.816127500E0,8.457412720E-2,6.541397095E-2,9.821376343E0,9.821958310E0
8.826170500E0,8.352630615E-2,8.173004150E-2,9.818083191E0,9.818778640E0
8.836212500E0,8.382568359E-2,6.616241455E-2,9.811347198E0,9.811928356E0
8.846255500E0,7.858657837E-2,5.718109131E-2,9.804012451E0,9.804494157E0
8.856298500E0,9.759704590E-2,6.885681152E-2,9.815089417E0,9.815816150E0
8.866341500E0,9.475296021E-2,5.688171387E-2,9.805359650E0,9.805982435E0
8.876383500E0,1.068777466E-1,6.466552734E-2,9.811945953E0,9.812741099E0
8.886426500E0,1.065783691E-1,8.262817383E-2,9.818083191E0,9.819009314E0
8.896469500E0,8.427474976E-2,6.481521606E-2,9.820328522E0,9.820904007E0
8.906511500E0,9.639953613E-2,7.604187012E-2,9.820627899E0,9.821395398E0
8.916554500E0,1.004411316E-1,6.421646118E-2,9.824070740E0,9.824794047E0
8.926597500E0,6.706054688E-2,8.053253174E-2,9.823621674E0,9.824180647E0
8.936639500E0,9.954299927E-2,6.631210327E-2,9.806706848E0,9.807436225E0
8.946682500E0,1.028361511E-1,6.870712280E-2,9.817933502E0,9.818712451E0
8.956725500E0,1.035845947E-1,7.020401001E-2,9.808203735E0,9.809001931E0
8.966768500E0,9.954299927E-2,7.229965210E-2,9.811945953E0,9.812717230E0
8.976810500E0,1.046324158E-1,7.798782349E-2,9.821376343E0,9.822243293E0
8.986853500E0,9.355545044E-2,5.792953491E-2,9.812395020E0,9.813011998E0
8.996896500E0,1.118174744E-1,8.262817383E-2,9.802665253E0,9.803651188E0
9.006938500E0,1.056802368E-1,8.053253174E-2,9.795779572E0,9.796680622E0
9.016981500E0,1.011895752E-1,7.649093628E-2,9.816286926E0,9.817106458E0
9.027024500E0,8.891510010E-2,6.990463257E-2,9.818382568E0,9.819034006E0
9.037066500E0,9.819580078E-2,7.050338745E-2,9.828112335E0,9.828855743E0
9.047109500E0,9.460327148E-2,7.499404907E-2,9.822424164E0,9.823166004E0
9.057152500E0,8.023315430E-2,7.005432129E-2,9.826914825E0,9.827492048E0
9.067195500E0,1.016386414E-1,6.915618896E-2,9.806706848E0,9.807477362E0
9.077237500E0,8.906478882E-2,6.915618896E-2,9.833351440E0,9.833997949E0
9.087280500E0,9.999206543E-2,6.706054688E-2,9.823621674E0,9.824359435E0
9.097323500E0,8.577163696E-2,7.185058594E-2,9.820178833E0,9.820816239E0
9.107365500E0,9.026229858E-2,6.316864014E-2,9.809850311E0,9.810468933E0
9.117408500E0,1.115180969E-1,5.852828979E-2,9.811347198E0,9.812155507E0
9.127451500E0,8.652008057E-2,6.571334839E-2,9.809101868E0,9.809703534E0
9.137493500E0,1.037342834E-1,8.262817383E-2,9.823471985E0,9.824367158E0
9.147536500E0,9.145980835E-2,7.125183105E-2,9.818382568E0,9.819067063E0
9.157579500E0,1.031355286E-1,4.999603271E-2,9.809850311E0,9.810519847E0
9.167622500E0,9.864486694E-2,8.262817383E-2,9.799671478E0,9.800516278E0
9.177664500E0,9.026229858E-2,6.541397095E-2,9.807305603E0,9.807939104E0
9.187707500E0,1.050814819E-1,7.454498291E-2,9.817334747E0,9.818180107E0
9.197750500E0,8.861572266E-2,7.170089722E-2,9.823621674E0,9.824283004E0
9.207792500E0,9.714797974E-2,6.930587769E-2,9.816436615E0,9.817161955E0
9.217835500E0,9.490264893E-2,7.364685059E-2,9.817334747E0,9.818069663E0
9.227878500E0,9.969268799E-2,6.481521606E-2,9.812245331E0,9.812965814E0
9.237921500E0,8.861572266E-2,6.631210327E-2,9.812095642E0,9.812719854E0
9.247963500E0,9.610015869E-2,6.361770630E-2,9.804910583E0,9.805587897E0
9.258006500E0,1.038839722E-1,7.828720093E-2,9.818831635E0,9.819693245E0
9.268049500E0,8.951385498E-2,6.795867920E-2,9.818083191E0,9.818726427E0
9.278091500E0,7.843688965E-2,6.466552734E-2,9.811047821E0,9.811574457E0
9.288134500E0,9.924362183E-2,7.289840698E-2,9.807155914E0,9.807928966E0
9.298177500E0,9.445358276E-2,6.271957397E-2,9.797875214E0,9.798531213E0
9.308219500E0,1.011895752E-1,6.735992432E-2,9.820328522E0,9.821080845E0
9.318262500E0,1.193019104E-1,7.185058594E-2,9.826465759E0,9.827452608E0
9.328305500E0,1.041833496E-1,6.915618896E-2,9.818981323E0,9.819777542E0
9.338348500E0,8.891510010E-2,6.765930176E-2,9.820328522E0,9.820964105E0
9.348390500E0,8.741821289E-2,7.020401001E-2,9.806856537E0,9.807497422E0
9.358433500E0,9.041198730E-2,7.589218140E-2,9.807754669E0,9.808464997E0
9.368476500E0,9.834548950E-2,7.110214233E-2,9.789642334E0,9.790394495E0
9.378518500E0,9.834548950E-2,6.990463257E-2,9.817783813E0,9.818525220E0
9.388561500E0,9.220825195E-2,6.092330933E-2,9.831255798E0,9.831876961E0
9.398604500E0,1.013392639E-1,6.840774536E-2,9.816885681E0,9.817647057E0
9.408646500E0,1.041833496E-1,6.017486572E-2,9.813143463E0,9.813880976E0
9.418689500E0,9.789642334E-2,6.541397095E-2,9.810898132E0,9.811604602E0
9.428732500E0,9.624984741E-2,6.242019653E-2,9.802365875E0,9.803037135E0
9.438775500E0,1.146615601E-1,6.137237549E-2,9.810299377E0,9.811161385E0
9.448817500E0,1.170565796E-1,6.406677246E-2,9.835746460E0,9.836651626E0
9.458860500E0,1.118174744E-1,7.409591675E-2,9.821076965E0,9.821992981E0
9.468903500E0,8.367599487E-2,8.382568359E-2,9.828561401E0,9.829275031E0
9.478945500E0,9.520202637E-2,6.676116943E-2,9.815987549E0,9.816676222E0
9.488988500E0,9.999206543E-2,6.990463257E-2,9.806557159E0,9.807316065E0
9.499031625E0,8.981323242E-2,6.885681152E-2,9.816735992E0,9.817388310E0
9.509073625E0,9.235794067E-2,6.646179199E-2,9.802216187E0,9.802876584E0
9.519116625E0,1.055305481E-1,6.167175293E-2,9.798923035E0,9.799685339E0
9.529159625E0,8.023315430E-2,6.556365967E-2,9.813891907E0,9.814438869E0
9.539202625E0,9.086105347E-2,8.277786255E-2,9.815538483E0,9.816308044E0
9.549244625E0,1.070274353E-1,7.349716187E-2,9.820328522E0,9.821186740E0
9.559287625E0,9.834548950E-2,6.017486572E-2,9.807155914E0,9.807833603E0
9.569330625E0,9.909393311E-2,5.867797852E-2,9.805659027E0,9.806335282E0
9.579372625E0,9.744735718E-2,5.224136353E-2,9.820328522E0,9.820950943E0
9.589415625E0,1.068777466E-1,6.750961304E-2,9.826316071E0,9.827129180E0
9.599458625E0,8.187973022E-2,7.050338745E-2,9.817185059E0,9.817779662E0
9.609501625E0,1.004411316E-1,7.499404907E-2,9.814790039E0,9.815590458E0
9.619543625E0,1.070274353E-1,7.125183105E-2,9.830507355E0,9.831348155E0
9.629586625E0,9.774673462E-2,6.077362061E-2,9.808503113E0,9.809178415E0
9.639629625E0,1.103205872E-1,7.080276489E-2,9.824968872E0,9.825843323E0
9.649671625E0,1.032852173E-1,6.735992432E-2,9.833501129E0,9.834274231E0
9.659714625E0,1.035845947E-1,7.170089722E-2,9.818681946E0,9.819490106E0
9.669757625E0,9.894424438E-2,7.214996338E-2,9.803713074E0,9.804477835E0
9.679799625E0,1.080752563E-1,6.391708374E-2,9.814340973E0,9.815144135E0
9.689842625E0,9.325607300E-2,6.271957397E-2,9.798024902E0,9.798669421E0
9.699885625E0,7.753875732E-2,6.271957397E-2,9.818382568E0,9.818889054E0
9.709928625E0,9.445358276E-2,5.807922363E-2,9.805359650E0,9.805986566E0
9.719970625E0,1.049317932E-1,6.990463257E-2,9.807006226E0,9.807816701E0
9.730013625E0,1.028361511E-1,6.391708374E-2,9.800569611E0,9.801317532E0
9.740056625E0,9.789642334E-2,6.601272583E-2,9.811945953E0,9.812656357E0
9.750098625E0,9.669891357E-2,7.723937988E-2,9.809401245E0,9.810181924E0
9.760141625E0,1.019380188E-1,6.077362061E-2,9.807604980E0,9.808323009E0
9.770184625E0,1.014889526E-1,6.122268677E-2,9.814041595E0,9.814757290E0
9.780226625E0,9.699829102E-2,6.825805664E-2,9.822723541E0,9.823439601E0
9.790269625E0,1.097218323E-1,8.996292114E-2,9.827064514E0,9.828088785E0
9.800312625E0,7.634124756E-2,5.044509888E-2,9.805209961E0,9.805636903E0
9.810355625E0,1.029858398E-1,6.182144165E-2,9.824220428E0,9.824954707E0
9.820397625E0,9.744735718E-2,6.496490479E-2,9.815837860E0,9.816536524E0
9.830440625E0,9.639953613E-2,6.002517700E-2,9.829459534E0,9.830115494E0
9.840483625E0,1.082249451E-1,7.918533325E-2,9.804311829E0,9.805228880E0
9.850525625E0,8.741821289E-2,8.876541138E-2,9.798174591E0,9.798966607E0
9.860568625E0,8.996292114E-2,6.421646118E-2,9.819131012E0,9.819753098E0
9.870611625E0,9.325607300E-2,5.837860107E-2,9.807305603E0,9.807922713E0
9.880654625E0,9.116043091E-2,6.212081909E-2,9.817185059E0,9.817804831E0
9.890696625E0,8.217910767E-2,6.990463257E-2,9.825417938E0,9.826010265E0
9.900739625E0,9.460327148E-2,7.319778442E-2,9.811945953E0,9.812675022E0
9.910782625E0,1.005908203E-1,6.616241455E-2,9.807604980E0,9.808343970E0
9.920824625E0,8.053253174E-2,7.110214233E-2,9.808652802E0,9.809241091E0
9.930867625E0,1.131646729E-1,7.110214233E-2,9.807455292E0,9.808365871E0
9.940910625E0,1.067280579E-1,5.822891235E-2,9.803413696E0,9.804167562E0
9.950952625E0,1.104702759E-1,7.170089722E-2,9.812844086E0,9.813727821E0
9.960995625E0,1.011895752E-1,5.703140259E-2,9.826765137E0,9.827451601E0
9.971038625E0,7.364685059E-2,7.229965210E-2,9.815837860E0,9.816380392E0
9.981081625E0,8.547225952E-2,6.077362061E-2,9.816436615E0,9.816996830E0
9.991123625E0,9.460327148E-2,7.349716187E-2,9.817634125E0,9.818365007E0
1.000116663E1,9.340576172E-2,7.349716187E-2,9.802066498E0,9.802787058E0
1.001120963E1,1.160087585E-1,5.957611084E-2,9.814939728E0,9.815806090E0
1.002125163E1,1.115180969E-1,6.930587769E-2,9.819580078E0,9.820457856E0
1.003129463E1,8.547225952E-2,7.619155884E-2,9.817484436E0,9.818152133E0
1.004133763E1,8.202941895E-2,7.155120850E-2,9.817334747E0,9.817938172E0
1.005138063E1,1.040336609E-1,7.080276489E-2,9.803264008E0,9.804071666E0
1.006142263E1,1.017883301E-1,5.807922363E-2,9.814340973E0,9.815040641E0
1.007397962E1,1.044827271E-1,8.637039185E-2,9.815987549E0,9.816923553E0
1.008402663E1,8.711883545E-2,7.334747314E-2,9.819131012E0,9.819791412E0
1.009407363E1,9.639953613E-2,6.765930176E-2,9.826016693E0,9.826722480E0
1.010412063E1,1.023870850E-1,7.708969116E-2,9.821825409E0,9.822661569E0
1.011416763E1,8.681945801E-2,7.394622803E-2,9.802066498E0,9.802729890E0
1.012421563E1,9.669891357E-2,6.885681152E-2,9.798623657E0,9.799342708E0
1.013426363E1,9.101074219E-2,6.541397095E-2,9.811646576E0,9.812286710E0
1.014430963E1,7.469467163E-2,6.900650024E-2,9.806706848E0,9.807234085E0
1.015435663E1,9.445358276E-2,6.945556641E-2,9.817334747E0,9.818034788E0
1.016440363E1,1.016386414E-1,6.301895142E-2,9.819280701E0,9.820008925E0
1.017445163E1,8.023315430E-2,7.903564453E-2,9.818681946E0,9.819327836E0
1.018449963E1,9.131011963E-2,6.795867920E-2,9.817783813E0,9.818443610E0
1.019454763E1,1.064286804E-1,8.307723999E-2,9.800719299E0,9.801649232E0
1.020459563E1,1.029858398E-1,7.140151978E-2,9.812245331E0,9.813045536E0
1.021464263E1,1.197509766E-1,7.020401001E-2,9.816735992E0,9.817717374E0
1.022469063E1,9.999206543E-2,6.541397095E-2,9.806257782E0,9.806985729E0
1.023473863E1,8.322692871E-2,5.328918457E-2,9.827663269E0,9.828160143E0
1.024478563E1,8.756790161E-2,5.643264771E-2,9.814041595E0,9.814594501E0
1.025483263E1,1.275347900E-1,6.825805664E-2,9.815987549E0,9.817053318E0
1.026488063E1,1.133143616E-1,6.825805664E-2,9.822723541E0,9.823614257E0
1.027492763E1,6.975494385E-2,6.376739502E-2,9.799521790E0,9.799977517E0
1.028497462E1,8.337661743E-2,7.993377686E-2,9.804012451E0,9.804692816E0
1.029502163E1,9.056167603E-2,6.795867920E-2,9.811047821E0,9.811701134E0
1.030506863E1,1.050814819E-1,6.331832886E-2,9.819879456E0,9.820645796E0
1.031511663E1,9.969268799E-2,7.244934082E-2,9.809700623E0,9.810474700E0
1.032516363E1,1.020877075E-1,7.035369873E-2,9.808054047E0,9.808837634E0
1.033521063E1,1.017883301E-1,6.750961304E-2,9.825567627E0,9.826326760E0
1.034525863E1,1.139131165E-1,7.349716187E-2,9.812544708E0,9.813481119E0
1.035530663E1,9.535171509E-2,6.331832886E-2,9.818681946E0,9.819349078E0
1.036535363E1,1.019380188E-1,7.185058594E-2,9.819729767E0,9.820521705E0
1.037540163E1,1.173559570E-1,7.544311523E-2,9.815388794E0,9.816380252E0
1.038544962E1,8.786727905E-2,7.155120850E-2,9.809401245E0,9.810055709E0
1.039549663E1,1.074765015E-1,6.017486572E-2,9.816586304E0,9.817359058E0
1.040554363E1,8.652008057E-2,6.721023560E-2,9.812245331E0,9.812856942E0
1.041559163E1,1.055305481E-1,6.780899048E-2,9.831854553E0,9.832654713E0
1.042563863E1,8.801696777E-2,6.002517700E-2,9.809850311E0,9.810428795E0
1.043568563E1,9.280700684E-2,5.164260864E-2,9.812993774E0,9.813568511E0
1.044573363E1,8.816665649E-2,6.706054688E-2,9.814790039E0,9.815415120E0
1.045578063E1,1.025367737E-1,6.900650024E-2,9.821975098E0,9.822752695E0
1.046582763E1,9.580078125E-2,6.167175293E-2,9.805060272E0,9.805722214E0
1.047587463E1,8.397537231E-2,7.155120850E-2,9.813143463E0,9.813763604E0
1.048592163E1,1.005908203E-1,7.379653931E-2,9.815388794E0,9.816181621E0
1.049596829E1,9.310638428E-2,7.454498291E-2,9.801318054E0,9.802043733E0
1.050601629E1,9.235794067E-2,7.065307617E-2,9.808353424E0,9.809042702E0
1.051606229E1,8.996292114E-2,7.708969116E-2,9.798923035E0,9.799639217E0
1.052610929E1,8.143066406E-2,7.065307617E-2,9.808952179E0,9.809544620E0
1.053615629E1,8.666976929E-2,6.646179199E-2,9.796378326E0,9.796987146E0
1.054620329E1,9.385482788E-2,4.550537109E-2,9.802365875E0,9.802920800E0
1.055624929E1,9.041198730E-2,6.930587769E-2,9.814939728E0,9.815600822E0
1.056629529E1,9.355545044E-2,7.334747314E-2,9.815239105E0,9.815959004E0
1.057634229E1,9.026229858E-2,6.810836792E-2,9.808353424E0,9.809005195E0
1.058638829E1,9.654922485E-2,5.837860107E-2,9.809550934E0,9.810199760E0
1.059643529E1,8.457412720E-2,5.628295898E-2,9.806706848E0,9.807233033E0
1.060648229E1,9.026229858E-2,6.915618896E-2,9.820178833E0,9.820837142E0
1.061652929E1,1.038839722E-1,5.822891235E-2,9.817185059E0,9.817907362E0
1.062657629E1,9.520202637E-2,7.454498291E-2,9.816436615E0,9.817181276E0
1.063662329E1,9.235794067E-2,6.735992432E-2,9.808652802E0,9.809318892E0
1.064667029E1,9.789642334E-2,6.601272583E-2,9.809550934E0,9.810261511E0
1.065671729E1,8.247848511E-2,6.376739502E-2,9.818232880E0,9.818786374E0
1.066676429E1,9.684860229E-2,7.903564453E-2,9.814041595E0,9.814837682E0
1.067681129E1,9.729766846E-2,6.750961304E-2,9.821226654E0,9.821940611E0
1.068685929E1,1.011895752E-1,4.670288086E-2,9.819729767E0,9.820362172E0
1.069690629E1,1.005908203E-1,5.927673340E-2,9.816286926E0,9.816981270E0
1.070695329E1,9.235794067E-2,6.526428223E-2,9.812993774E0,9.813645410E0
1.071700029E1,9.864486694E-2,6.242019653E-2,9.808952179E0,9.809646780E0
1.072704729E1,1.188528442E-1,6.496490479E-2,9.818232880E0,9.819167140E0
1.073709429E1,1.040336609E-1,7.020401001E-2,9.822873230E0,9.823674979E0
1.074714129E1,9.340576172E-2,6.271957397E-2,9.819430389E0,9.820074926E0
1.075718829E1,9.505233765E-2,7.155120850E-2,9.806108093E0,9.806829786E0
1.076723529E1,1.010398865E-1,6.735992432E-2,9.808503113E0,9.809254800E0
1.077728229E1,9.639953613E-2,6.256988525E-2,9.810000000E0,9.810673160E0
1.078733029E1,9.565109253E-2,6.750961304E-2,9.821825409E0,9.822523151E0
1.079737829E1,1.089733887E-1,6.616241455E-2,9.808353424E0,9.809181900E0
1.080742629E1,9.101074219E-2,6.526428223E-2,9.802216187E0,9.802855938E0
1.081747329E1,8.487350464E-2,7.439529419E-2,9.804012451E0,9.804662070E0
1.082752129E1,8.457412720E-2,6.286926270E-2,9.806706848E0,9.807273043E0
1.083756929E1,8.547225952E-2,6.526428223E-2,9.805659027E0,9.806248716E0
1.084761729E1,1.001417542E-1,7.679031372E-2,9.822573853E0,9.823384458E0
1.085766429E1,9.714797974E-2,7.394622803E-2,9.825567627E0,9.826326117E0
1.086771129E1,9.654922485E-2,5.433700562E-2,9.818831635E0,9.819456651E0
1.087775829E1,1.028361511E-1,6.092330933E-2,9.817035370E0,9.817763003E0
1.088780629E1,8.262817383E-2,8.277786255E-2,9.807006226E0,9.807703640E0
1.089785329E1,9.265731812E-2,6.481521606E-2,9.811197510E0,9.811849110E0
1.090789929E1,9.639953613E-2,6.706054688E-2,9.815388794E0,9.816091237E0
1.091794629E1,1.034349060E-1,6.631210327E-2,9.817334747E0,9.818103565E0
1.092799429E1,9.684860229E-2,6.601272583E-2,9.816735992E0,9.817435657E0
1.093804129E1,8.786727905E-2,5.703140259E-2,9.806557159E0,9.807116628E0
1.094808929E1,9.011260986E-2,6.915618896E-2,9.796528015E0,9.797186536E0
1.095813629E1,7.798782349E-2,7.259902954E-2,9.787846069E0,9.788425992E0
1.096818329E1,1.071771240E-1,6.601272583E-2,9.803563385E0,9.804371457E0
1.097823029E1,1.167572021E-1,6.481521606E-2,9.813891907E0,9.814800437E0
1.098827829E1,9.505233765E-2,6.556365967E-2,9.810299377E0,9.810978922E0
1.099832529E1,1.055305481E-1,6.840774536E-2,9.823022919E0,9.823827949E0
1.100837329E1,8.771759033E-2,7.978408813E-2,9.809251556E0,9.809968194E0
1.101842129E1,9.939331055E-2,7.933502197E-2,9.826615448E0,9.827438336E0
1.102846829E1,9.445358276E-2,7.394622803E-2,9.809101868E0,9.809835318E0
1.103851629E1,1.026864624E-1,5.957611084E-2,9.817783813E0,9.818501557E0
1.104856429E1,9.789642334E-2,8.442443848E-2,9.803563385E0,9.804415650E0
1.105861229E1,1.103205872E-1,6.735992432E-2,9.801916809E0,9.802769054E0
1.106866029E1,9.370513916E-2,6.721023560E-2,9.812095642E0,9.812773245E0
1.107870829E1,9.325607300E-2,8.292755127E-2,9.799372101E0,9.800166695E0
1.108875529E1,8.083190918E-2,6.197113037E-2,9.783654785E0,9.784184952E0
1.109880229E1,9.430389404E-2,7.005432129E-2,9.811496887E0,9.812200161E0
1.110885029E1,1.148112488E-1,6.137237549E-2,9.801767120E0,9.802631630E0
1.111889829E1,9.954299927E-2,6.032455444E-2,9.798174591E0,9.798865913E0
1.112894529E1,9.624984741E-2,6.810836792E-2,9.812993774E0,9.813702135E0
1.113899329E1,1.034349060E-1,7.933502197E-2,9.805659027E0,9.806525469E0
1.114904029E1,1.052311707E-1,7.125183105E-2,9.805958405E0,9.806781870E0
1.115908929E1,9.939331055E-2,6.990463257E-2,9.813143463E0,9.813895777E0
1.116913629E1,8.996292114E-2,6.436614990E-2,9.806557159E0,9.807181025E0
1.117918429E1,8.861572266E-2,7.005432129E-2,9.805359650E0,9.806010311E0
1.118923229E1,1.004411316E-1,6.900650024E-2,9.802216187E0,9.802973655E0
1.119927929E1,8.592132568E-2,6.391708374E-2,9.815388794E0,9.815972955E0
1.120932729E1,8.696914673E-2,8.292755127E-2,9.808353424E0,9.809089535E0
1.121937529E1,1.052311707E-1,6.975494385E-2,9.808353424E0,9.809165930E0
1.122942429E1,1.115180969E-1,6.122268677E-2,9.810449066E0,9.811273892E0
1.123947229E1,9.954299927E-2,6.750961304E-2,9.817185059E0,9.817921818E0
1.124952229E1,9.011260986E-2,7.140151978E-2,9.813742218E0,9.814415662E0
1.125957029E1,9.969268799E-2,6.197113037E-2,9.824370117E0,9.825071361E0
1.126961829E1,9.654922485E-2,5.987548828E-2,9.818981323E0,9.819638540E0
1.127966729E1,9.684860229E-2,6.271957397E-2,9.818083191E0,9.818761171E0
1.128971429E1,8.966354370E-2,7.244934082E-2,9.814790039E0,9.815466977E0
1.129976329E1,1.058299255E-1,6.331832886E-2,9.805659027E0,9.806434527E0
1.130981229E1,8.921447754E-2,7.259902954E-2,9.796677704E0,9.797352901E0
1.131986029E1,1.142124939E-1,7.200027466E-2,9.806407471E0,9.807336846E0
1.132990829E1,9.235794067E-2,6.586303711E-2,9.803264008E0,9.803920294E0
1.133995629E1,8.292755127E-2,6.421646118E-2,9.804760895E0,9.805321868E0
1.135000429E1,9.789642334E-2,6.930587769E-2,9.825417938E0,9.826150043E0
1.136005229E1,9.954299927E-2,6.676116943E-2,9.812544708E0,9.813276696E0
1.137010129E1,9.624984741E-2,6.571334839E-2,9.810149689E0,9.810841921E0
1.138015029E1,1.086740112E-1,6.945556641E-2,9.821226654E0,9.822073463E0
1.139019829E1,1.025367737E-1,5.373825073E-2,9.802365875E0,9.803049441E0
1.140024729E1,1.002914429E-1,6.616241455E-2,9.814939728E0,9.815675102E0
1.141029529E1,1.008901978E-1,6.496490479E-2,9.806108093E0,9.806842265E0
1.142034129E1,1.011895752E-1,6.840774536E-2,9.808952179E0,9.809712626E0
1.143038929E1,1.001417542E-1,7.439529419E-2,9.817484436E0,9.818277022E0
1.144043629E1,1.092727661E-1,7.529342651E-2,9.788744202E0,9.789643644E0
1.145048329E1,8.217910767E-2,6.316864014E-2,9.797126770E0,9.797675063E0
1.146053029E1,1.010398865E-1,7.289840698E-2,9.820029144E0,9.820819499E0
1.147057829E1,1.073268127E-1,6.017486572E-2,9.806108093E0,9.806880034E0
1.148062629E1,1.029858398E-1,6.855743408E-2,9.822573853E0,9.823352956E0
1.149067429E1,9.265731812E-2,7.948471069E-2,9.814640350E0,9.815399554E0
1.150072325E1,1.094224548E-1,5.807922363E-2,9.825118561E0,9.825899511E0
1.151077225E1,9.774673462E-2,5.957611084E-2,9.820777588E0,9.821444709E0
1.152082125E1,1.119671631E-1,7.364685059E-2,9.811197510E0,9.812112773E0
1.153087025E1,1.002914429E-1,6.915618896E-2,9.814939728E0,9.815695738E0
1.154091825E1,9.849517822E-2,5.852828979E-2,9.817634125E0,9.818302637E0
1.155096625E1,1.215472412E-1,6.586303711E-2,9.815688171E0,9.816661650E0
1.156101525E1,9.550140381E-2,6.721023560E-2,9.806557159E0,9.807252472E0
1.157106325E1,1.010398865E-1,6.960525513E-2,9.810149689E0,9.810916923E0
1.158111225E1,8.143066406E-2,5.822891235E-2,9.810598755E0,9.811109493E0
1.159116225E1,8.652008057E-2,6.376739502E-2,9.796677704E0,9.797267274E0
1.160121125E1,1.097218323E-1,6.242019653E-2,9.828711090E0,9.829521700E0
1.161126025E1,1.083746338E-1,5.643264771E-2,9.812993774E0,9.813754456E0
1.162130825E1,9.265731812E-2,7.604187012E-2,9.824220428E0,9.824951642E0
1.163135725E1,1.130149841E-1,6.092330933E-2,9.818532257E0,9.819371656E0
1.164140625E1,9.984237671E-2,6.855743408E-2,9.814041595E0,9.814788895E0
1.165145425E1,8.562194824E-2,6.256988525E-2,9.816436615E0,9.817009419E0
1.166150325E1,9.145980835E-2,7.918533325E-2,9.810449066E0,9.811194937E0
1.167155325E1,7.888595581E-2,6.930587769E-2,9.804461517E0,9.805023811E0
1.168160225E1,9.654922485E-2,6.256988525E-2,9.818681946E0,9.819355982E0
1.169165125E1,1.008901978E-1,6.780899048E-2,9.821825409E0,9.822577628E0
1.170169925E1,9.864486694E-2,7.394622803E-2,9.818831635E0,9.819605569E0
1.171174825E1,9.894424438E-2,7.050338745E-2,9.805958405E0,9.806711015E0
1.172179725E1,1.008901978E-1,7.155120850E-2,9.799821167E0,9.800601681E0
1.173184525E1,1.035845947E-1,6.197113037E-2,9.809850311E0,9.810592914E0
1.174189425E1,9.729766846E-2,7.214996338E-2,9.803563385E0,9.804311679E0
1.175194225E1,1.025367737E-1,5.748046875E-2,9.799671478E0,9.800376466E0
1.176199125E1,1.010398865E-1,6.511459351E-2,9.813592529E0,9.814328673E0
1.177203925E1,9.864486694E-2,6.346801758E-2,9.818681946E0,9.819382575E0
1.178208825E1,9.370513916E-2,8.277786255E-2,9.801916809E0,9.802714214E0
1.179213725E1,9.954299927E-2,6.376739502E-2,9.803413696E0,9.804126437E0
1.180218425E1,9.011260986E-2,6.750961304E-2,9.801318054E0,9.801964774E0
1.181223325E1,9.355545044E-2,6.556365967E-2,9.810598755E0,9.811263891E0
1.182228225E1,1.088237000E-1,6.900650024E-2,9.809251556E0,9.810097889E0
1.183233125E1,9.355545044E-2,6.676116943E-2,9.818681946E0,9.819354603E0
1.184237925E1,9.400451660E-2,6.451583862E-2,9.831106110E0,9.831767210E0
1.185242825E1,9.999206543E-2,8.008346558E-2,9.791887665E0,9.792725658E0
1.186247625E1,1.029858398E-1,6.496490479E-2,9.813442841E0,9.814198230E0
1.187252425E1,1.001417542E-1,6.032455444E-2,9.823022919E0,9.823718577E0
1.188257325E1,9.205856323E-2,6.810836792E-2,9.809700623E0,9.810368996E0
1.189262225E1,9.460327148E-2,6.825805664E-2,9.827812958E0,9.828505302E0
1.190267025E1,9.430389404E-2,7.394622803E-2,9.807904358E0,9.808636458E0
1.191271925E1,8.217910767E-2,7.244934082E-2,9.799821167E0,9.800433522E0
1.192276725E1,8.158035278E-2,7.888595581E-2,9.809401245E0,9.810057652E0
1.193281625E1,8.068222046E-2,6.990463257E-2,9.806108093E0,9.806689157E0
1.194286425E1,1.053808594E-1,7.185058594E-2,9.812095642E0,9.812924565E0
1.195291225E1,1.088237000E-1,7.783813477E-2,9.813891907E0,9.814803907E0
1.196296025E1,8.921447754E-2,6.885681152E-2,9.805209961E0,9.805857579E0
1.197300825E1,8.696914673E-2,6.286926270E-2,9.812694397E0,9.813281179E0
1.198305625E1,1.028361511E-1,7.110214233E-2,9.806557159E0,9.807354083E0
1.199310425E1,9.520202637E-2,7.364685059E-2,9.812694397E0,9.813432560E0
1.200315225E1,1.025367737E-1,7.903564453E-2,9.813891907E0,9.814745783E0
1.201320025E1,1.019380188E-1,7.200027466E-2,9.821825409E0,9.822618274E0
1.202324925E1,8.442443848E-2,7.200027466E-2,9.824669495E0,9.825296036E0
1.203329825E1,8.068222046E-2,7.020401001E-2,9.807305603E0,9.807888734E0
1.204334725E1,9.220825195E-2,6.676116943E-2,9.820029144E0,9.820688968E0
1.205339625E1,9.340576172E-2,6.975494385E-2,9.796228638E0,9.796922267E0
1.206344525E1,1.128652954E-1,6.227050781E-2,9.804162140E0,9.805009508E0
1.207349425E1,9.999206543E-2,5.493576050E-2,9.805509338E0,9.806173042E0
1.208354225E1,9.580078125E-2,5.777984619E-2,9.795480194E0,9.796119055E0
1.209359125E1,9.595046997E-2,6.975494385E-2,9.799821167E0,9.800539125E0
1.210363925E1,9.999206543E-2,6.301895142E-2,9.818083191E0,9.818794597E0
1.211368725E1,9.131011963E-2,6.795867920E-2,9.821825409E0,9.822484934E0
1.212373525E1,1.011895752E-1,6.631210327E-2,9.810898132E0,9.811644041E0
1.213378325E1,1.047821045E-1,7.574249268E-2,9.808503113E0,9.809355205E0
1.214383025E1,1.064286804E-1,7.319778442E-2,9.816137238E0,9.816987076E0
1.215387725E1,1.034349060E-1,6.152206421E-2,9.818831635E0,9.819569156E0
1.216392425E1,8.637039185E-2,7.125183105E-2,9.809251556E0,9.809890558E0
1.217397125E1,8.756790161E-2,6.661148071E-2,9.804910583E0,9.805527868E0
1.218401825E1,9.714797974E-2,6.930587769E-2,9.811945953E0,9.812671625E0
1.219406525E1,8.756790161E-2,7.753875732E-2,9.808802490E0,9.809499818E0
1.220411325E1,1.011895752E-1,7.364685059E-2,9.803114319E0,9.803913175E0
1.221416025E1,1.019380188E-1,6.256988525E-2,9.812395020E0,9.813123986E0
1.222420825E1,9.684860229E-2,7.065307617E-2,9.815538483E0,9.816270535E0
1.223425525E1,8.861572266E-2,6.975494385E-2,9.808652802E0,9.809301111E0
1.224430225E1,1.059796143E-1,7.424560547E-2,9.799671478E0,9.800525760E0
1.225435025E1,9.804611206E-2,7.244934082E-2,9.806108093E0,9.806865854E0
1.226439825E1,7.679031372E-2,7.080276489E-2,9.804311829E0,9.804868190E0
1.227444525E1,9.160949707E-2,5.942642212E-2,9.805659027E0,9.806267014E0
1.228449325E1,1.231938171E-1,6.900650024E-2,9.810598755E0,9.811614879E0
1.229454125E1,9.056167603E-2,5.897735596E-2,9.811945953E0,9.812541115E0
1.230458825E1,9.550140381E-2,6.256988525E-2,9.806557159E0,9.807221769E0
1.231463625E1,9.280700684E-2,7.080276489E-2,9.810449066E0,9.811143514E0
1.232468425E1,7.993377686E-2,5.269042969E-2,9.804162140E0,9.804629567E0
1.233473125E1,8.532257080E-2,7.813751221E-2,9.802365875E0,9.803048616E0
1.234477925E1,9.505233765E-2,7.903564453E-2,9.814640350E0,9.815418829E0
1.235482725E1,9.699829102E-2,7.035369873E-2,9.793534241E0,9.794267264E0
1.236487425E1,1.040336609E-1,7.125183105E-2,9.810898132E0,9.811708413E0
1.237492225E1,9.475296021E-2,7.259902954E-2,9.804611206E0,9.805337814E0
1.238496925E1,1.041833496E-1,7.289840698E-2,9.805509338E0,9.806333756E0
1.239501725E1,1.089733887E-1,6.182144165E-2,9.819879456E0,9.820678674E0
1.240506525E1,1.002914429E-1,6.286926270E-2,9.804311829E0,9.805026331E0
1.241511325E1,8.592132568E-2,6.990463257E-2,9.830207977E0,9.830832010E0
1.242516125E1,1.127156067E-1,6.002517700E-2,9.813442841E0,9.814273698E0
1.243520925E1,9.265731812E-2,6.421646118E-2,9.810598755E0,9.811246458E0
1.244525625E1,9.385482788E-2,7.289840698E-2,9.806706848E0,9.807426885E0
1.245530425E1,9.879455566E-2,5.807922363E-2,9.806706848E0,9.807376447E0
1.246535325E1,8.906478882E-2,6.062393188E-2,9.825567627E0,9.826158303E0
1.247540125E1,8.427474976E-2,7.589218140E-2,9.820627899E0,9.821282716E0
1.248544925E1,9.684860229E-2,7.529342651E-2,9.831106110E0,9.831871444E0
1.249549663E1,8.786727905E-2,7.798782349E-2,9.825717316E0,9.826419670E0
1.250554463E1,7.020401001E-2,6.795867920E-2,9.814490662E0,9.814977021E0
1.251559263E1,1.061293030E-1,6.691085815E-2,9.815239105E0,9.816040912E0
1.252564063E1,9.939331055E-2,6.301895142E-2,9.802814941E0,9.803521367E0
1.253568863E1,8.532257080E-2,6.227050781E-2,9.801767120E0,9.802336264E0
1.254573663E1,9.879455566E-2,6.346801758E-2,9.820777588E0,9.821479572E0
1.255578463E1,8.202941895E-2,6.002517700E-2,9.810449066E0,9.810975626E0
1.256583263E1,1.055305481E-1,7.200027466E-2,9.819430389E0,9.820261397E0
1.257588063E1,9.280700684E-2,6.391708374E-2,9.803862762E0,9.804510370E0
1.258592863E1,9.071136475E-2,7.933502197E-2,9.806706848E0,9.807447262E0
1.259597563E1,9.969268799E-2,7.170089722E-2,9.812095642E0,9.812864034E0
1.260602363E1,9.894424438E-2,6.915618896E-2,9.820029144E0,9.820771097E0
1.261607163E1,1.029858398E-1,6.077362061E-2,9.805659027E0,9.806388146E0
1.262612063E1,1.043330383E-1,6.182144165E-2,9.807904358E0,9.808654096E0
1.263616863E1,9.909393311E-2,5.284011841E-2,9.824070740E0,9.824712596E0
1.264621662E1,8.068222046E-2,6.212081909E-2,9.811047821E0,9.811576222E0
1.265626563E1,9.086105347E-2,5.643264771E-2,9.809101868E0,9.809685001E0
1.266631362E1,1.080752563E-1,6.092330933E-2,9.794881439E0,9.795667120E0
1.267636163E1,1.046324158E-1,7.050338745E-2,9.802216187E0,9.803028146E0
1.268641062E1,9.804611206E-2,6.960525513E-2,9.798773346E0,9.799511060E0
1.269645963E1,1.160087585E-1,6.601272583E-2,9.806407471E0,9.807315800E0
1.270650763E1,9.026229858E-2,6.795867920E-2,9.821975098E0,9.822624928E0
1.271655563E1,9.804611206E-2,8.143066406E-2,9.810149689E0,9.810977571E0
1.272660363E1,9.235794067E-2,8.143066406E-2,9.795629883E0,9.796403715E0
1.273665263E1,1.058299255E-1,6.556365967E-2,9.806407471E0,9.807197665E0
1.274670063E1,9.385482788E-2,6.601272583E-2,9.812245331E0,9.812916225E0
1.275674863E1,9.550140381E-2,6.750961304E-2,9.806108093E0,9.806805494E0
1.276679763E1,8.906478882E-2,6.271957397E-2,9.810898132E0,9.811502864E0
1.277684662E1,8.741821289E-2,4.879852295E-2,9.805958405E0,9.806469470E0
1.278689563E1,9.355545044E-2,6.631210327E-2,9.802665253E0,9.803335961E0
1.279694362E1,9.026229858E-2,6.691085815E-2,9.814490662E0,9.815133789E0
1.280699063E1,1.035845947E-1,7.005432129E-2,9.827663269E0,9.828458816E0
1.281703862E1,9.550140381E-2,6.631210327E-2,9.812694397E0,9.813383165E0
1.282708663E1,9.909393311E-2,5.837860107E-2,9.806108093E0,9.806782531E0
1.283713463E1,9.580078125E-2,6.227050781E-2,9.808203735E0,9.808869248E0
1.284718263E1,1.083746338E-1,7.559280396E-2,9.816286926E0,9.817176190E0
1.285723163E1,1.067280579E-1,7.424560547E-2,9.808203735E0,9.809065389E0
1.286728063E1,9.415420532E-2,6.361770630E-2,9.819729767E0,9.820387208E0
1.287733063E1,9.774673462E-2,7.200027466E-2,9.808802490E0,9.809553749E0
1.288738063E1,9.190887451E-2,6.840774536E-2,9.814790039E0,9.815458745E0
1.289743063E1,1.037342834E-1,6.137237549E-2,9.802964630E0,9.803705570E0
1.290747963E1,1.034349060E-1,6.496490479E-2,9.801767120E0,9.802528138E0
1.291752963E1,8.666976929E-2,6.242019653E-2,9.817634125E0,9.818215099E0
1.292757863E1,1.041833496E-1,6.301895142E-2,9.805659027E0,9.806414967E0
1.293762763E1,1.127156067E-1,7.559280396E-2,9.808652802E0,9.809591677E0
1.294767763E1,1.013392639E-1,7.723937988E-2,9.797725525E0,9.798554027E0
1.295772763E1,1.269360352E-1,7.200027466E-2,9.815987549E0,9.817072290E0
1.296777763E1,1.065783691E-1,5.897735596E-2,9.826016693E0,9.826771664E0
1.297782762E1,1.046324158E-1,7.364685059E-2,9.801168365E0,9.802003526E0
1.298787763E1,9.789642334E-2,7.454498291E-2,9.812694397E0,9.813465850E0
1.299792663E1,1.026864624E-1,6.646179199E-2,9.791288910E0,9.792052910E0
1.300797662E1,1.040336609E-1,6.945556641E-2,9.803862762E0,9.804660736E0
1.301802563E1,9.759704590E-2,5.388793945E-2,9.809850311E0,9.810483791E0
1.302807463E1,1.098715210E-1,6.301895142E-2,9.806557159E0,9.807375106E0
1.303812463E1,1.058299255E-1,7.065307617E-2,9.809401245E0,9.810226532E0
1.304817463E1,9.699829102E-2,5.912704468E-2,9.806257782E0,9.806915742E0
1.305822363E1,8.861572266E-2,6.391708374E-2,9.820927277E0,9.821535049E0
1.306827363E1,8.592132568E-2,7.170089722E-2,9.808802490E0,9.809440850E0
1.307832362E1,1.070274353E-1,7.469467163E-2,9.811347198E0,9.812215245E0
1.308837363E1,9.759704590E-2,5.568420410E-2,9.810748444E0,9.811391896E0
1.309842263E1,1.109193420E-1,7.454498291E-2,9.802515564E0,9.803426515E0
1.310847163E1,1.004411316E-1,5.373825073E-2,9.802515564E0,9.803177424E0
1.311852063E1,8.696914673E-2,5.957611084E-2,9.796977081E0,9.797544227E0
1.312856863E1,9.475296021E-2,7.020401001E-2,9.815089417E0,9.815797827E0
1.313861763E1,1.043330383E-1,7.694000244E-2,9.804760895E0,9.805617846E0
1.314866662E1,9.699829102E-2,7.394622803E-2,9.815388794E0,9.816146591E0
1.315871463E1,9.445358276E-2,6.197113037E-2,9.791288910E0,9.791940585E0
1.316876362E1,8.921447754E-2,6.616241455E-2,9.801916809E0,9.802546089E0
1.317881163E1,9.490264893E-2,8.083190918E-2,9.806706848E0,9.807499147E0
1.318886062E1,9.190887451E-2,6.706054688E-2,9.805659027E0,9.806319050E0
1.319890763E1,1.001417542E-1,6.825805664E-2,9.811347198E0,9.812095667E0
1.320895562E1,1.091230774E-1,6.436614990E-2,9.803563385E0,9.804381974E0
1.321900363E1,9.175918579E-2,7.319778442E-2,9.814041595E0,9.814743507E0
1.322905163E1,1.025367737E-1,6.376739502E-2,9.823022919E0,9.823765028E0
1.323909863E1,1.022373962E-1,5.613327026E-2,9.820927277E0,9.821619826E0
1.324914562E1,9.145980835E-2,7.679031372E-2,9.801467743E0,9.802195242E0
1.325919363E1,9.834548950E-2,6.735992432E-2,9.819131012E0,9.819854532E0
1.326924262E1,1.014889526E-1,6.885681152E-2,9.806856537E0,9.807623382E0
1.327929063E1,9.744735718E-2,6.511459351E-2,9.807305603E0,9.808005867E0
1.328933863E1,8.113128662E-2,6.706054688E-2,9.814490662E0,9.815055086E0
1.329938663E1,1.011895752E-1,7.469467163E-2,9.821825409E0,9.822630655E0
1.330943462E1,1.140628052E-1,6.885681152E-2,9.805958405E0,9.806863506E0
1.331948263E1,1.157093811E-1,6.062393188E-2,9.814790039E0,9.815659297E0
1.332953063E1,1.016386414E-1,7.229965210E-2,9.813592529E0,9.814385156E0
1.333957763E1,9.939331055E-2,5.763015747E-2,9.811347198E0,9.812019879E0
1.334962563E1,1.140628052E-1,7.634124756E-2,9.811347198E0,9.812307178E0
1.335967363E1,8.771759033E-2,7.394622803E-2,9.810000000E0,9.810670845E0
1.336972163E1,1.035845947E-1,5.987548828E-2,9.797126770E0,9.797857306E0
1.337976963E1,1.094224548E-1,5.897735596E-2,9.805958405E0,9.806746241E0
1.338981763E1,1.721420288E-2,9.954299927E-2,9.737850037E0,9.738374016E0
1.339986563E1,2.372566223E-1,1.793270874E-1,1.000848724E1,1.001290496E1
1.340991463E1,-3.233276367E-2,-9.385482788E-2,9.588460693E0,9.588974534E0
1.341996263E1,4.580474854E-2,1.672023010E-1,9.872719574E0,9.874241564E0
1.343000863E1,1.499880981E-1,1.121168518E-1,9.940229187E0,9.941992904E0
1.344005163E1,-1.496887207E-3,4.490661621E-2,9.762548676E0,9.762652072E0
1.345009463E1,6.286926270E-2,1.124162292E-1,9.804760895E0,9.805606873E0
1.346013763E1,1.005908203E-1,2.320175171E-2,9.884095917E0,9.884634992E0
1.347018063E1,6.765930176E-2,6.541397095E-2,9.771230621E0,9.771683817E0
1.348022263E1,7.229965210E-2,6.331832886E-2,9.795779572E0,9.796251011E0
1.349026563E1,8.756790161E-2,7.214996338E-2,9.844428406E0,9.845082244E0
1.350030879E1,8.367599487E-2,5.478607178E-2,9.826615448E0,9.827124419E0
1.351035179E1,8.352630615E-2,6.017486572E-2,9.762249298E0,9.762792071E0
1.352039379E1,6.960525513E-2,6.631210327E-2,9.818981323E0,9.819451941E0
1.353043679E1,6.676116943E-2,6.765930176E-2,9.805659027E0,9.806119711E0
1.354047979E1,5.179229736E-2,7.783813477E-2,9.807604980E0,9.808050605E0
1.355052179E1,6.706054688E-2,5.927673340E-2,9.816137238E0,9.816545274E0
1.356056479E1,8.577163696E-2,8.262817383E-2,9.833201752E0,9.833922965E0
1.357060779E1,5.748046875E-2,7.065307617E-2,9.820029144E0,9.820451530E0
1.358065079E1,5.748046875E-2,7.708969116E-2,9.792037354E0,9.792509503E0
1.359069279E1,7.349716187E-2,6.511459351E-2,9.818981323E0,9.819472286E0
1.360073579E1,8.532257080E-2,8.128097534E-2,9.813143463E0,9.813850986E0
1.361077879E1,7.574249268E-2,7.080276489E-2,9.829309845E0,9.829856661E0
1.362082079E1,5.912704468E-2,7.484436035E-2,9.812245331E0,9.812708908E0
1.363086379E1,8.622070312E-2,7.574249268E-2,9.799970856E0,9.800642821E0
1.364090679E1,9.669891357E-2,6.466552734E-2,9.825717316E0,9.826405908E0
1.365094979E1,5.673202515E-2,7.020401001E-2,9.792785797E0,9.793201764E0
1.366099179E1,2.005828857E-2,5.164260864E-2,9.722731476E0,9.722889316E0
1.367103479E1,-8.023315430E-2,2.192939758E-1,8.981921997E0,8.984956871E0
1.368107779E1,1.404080200E-1,4.385879517E-1,1.033555710E1,1.034581144E1
1.369111979E1,2.583627319E-1,-1.270857239E-1,9.898915100E0,9.903101648E0
1.370116279E1,7.679031372E-2,-5.538482666E-3,1.000384689E1,1.000414315E1
1.371120579E1,1.784289551E-1,1.601669312E-2,9.917027435E0,9.918645400E0
1.372124879E1,1.113684082E-1,2.110610962E-2,9.825717316E0,9.826371108E0
1.373129079E1,9.056167603E-2,-9.999206543E-2,9.871372375E0,9.872294181E0
1.374133379E1,1.001417542E-1,-9.550140381E-2,9.912387085E0,9.913352945E0
1.375137679E1,1.152603149E-1,-2.814147949E-2,9.942175140E0,9.942883053E0
1.376141879E1,5.748046875E-2,-8.681945801E-3,9.884245605E0,9.884416552E0
1.377146179E1,-3.847000122E-2,1.086740112E-1,9.693392487E0,9.694077980E0
1.378150479E1,-4.326004028E-1,6.451583862E-2,9.526040497E0,9.536076392E0